"k","p_level","g_level","t"
0,1,1,"10-11"
0,1,1,"11-12"
0,1,1,"12-13"
0,1,1,"13-14"
0,1,1,"14-15"
0,1,1,"15-16"
0,1,1,"16-17"
0,1,1,"17-18"
0,1,1,"18-19"
0,1,1,"19-20"
0,1,1,"20-21"
0,1,1,"6-7"
0,1,1,"7-8"
0,1,1,"8-9"
0,1,1,"9-10"
1,1,1,"10-11"
1,1,1,"11-12"
1,1,1,"12-13"
1,1,1,"13-14"
1,1,1,"14-15"
1,1,1,"15-16"
1,1,1,"16-17"
1,1,1,"17-18"
1,1,1,"18-19"
1,1,1,"19-20"
1,1,1,"20-21"
1,1,1,"6-7"
1,1,1,"7-8"
1,1,1,"8-9"
1,1,1,"9-10"
2,1,1,"10-11"
2,1,1,"11-12"
2,1,1,"12-13"
2,1,1,"13-14"
2,1,1,"14-15"
2,1,1,"15-16"
2,1,1,"16-17"
2,1,1,"17-18"
2,1,1,"18-19"
2,1,1,"19-20"
2,1,1,"20-21"
2,1,1,"6-7"
2,1,1,"7-8"
2,1,1,"8-9"
2,1,1,"9-10"
3,1,1,"10-11"
3,1,1,"11-12"
3,1,1,"12-13"
3,1,1,"13-14"
3,1,1,"14-15"
3,1,1,"15-16"
3,1,1,"16-17"
3,1,1,"17-18"
3,1,1,"18-19"
3,1,1,"19-20"
3,1,1,"20-21"
3,1,1,"6-7"
3,1,1,"7-8"
3,1,1,"8-9"
3,1,1,"9-10"
4,1,1,"10-11"
4,1,1,"11-12"
4,1,1,"12-13"
4,1,1,"13-14"
4,1,1,"14-15"
4,1,1,"15-16"
4,1,1,"16-17"
4,1,1,"17-18"
4,1,1,"18-19"
4,1,1,"19-20"
4,1,1,"20-21"
4,1,1,"6-7"
4,1,1,"7-8"
4,1,1,"8-9"
4,1,1,"9-10"
5,1,1,"10-11"
5,1,1,"11-12"
5,1,1,"12-13"
5,1,1,"13-14"
5,1,1,"14-15"
5,1,1,"15-16"
5,1,1,"16-17"
5,1,1,"17-18"
5,1,1,"18-19"
5,1,1,"19-20"
5,1,1,"20-21"
5,1,1,"6-7"
5,1,1,"7-8"
5,1,1,"8-9"
5,1,1,"9-10"
6,1,1,"10-11"
6,1,1,"11-12"
6,1,1,"12-13"
6,1,1,"13-14"
6,1,1,"14-15"
6,1,1,"15-16"
6,1,1,"16-17"
6,1,1,"17-18"
6,1,1,"18-19"
6,1,1,"19-20"
6,1,1,"20-21"
6,1,1,"6-7"
6,1,1,"7-8"
6,1,1,"8-9"
6,1,1,"9-10"
7,1,1,"10-11"
7,1,1,"11-12"
7,1,1,"12-13"
7,1,1,"13-14"
7,1,1,"14-15"
7,2,2,"15-16"
7,2,2,"16-17"
7,2,2,"17-18"
7,1,1,"18-19"
7,1,1,"19-20"
7,1,1,"20-21"
7,1,1,"6-7"
7,1,1,"7-8"
7,1,1,"8-9"
7,1,1,"9-10"
8,1,1,"10-11"
8,1,1,"11-12"
8,1,1,"12-13"
8,1,1,"13-14"
8,1,1,"14-15"
8,2,2,"15-16"
8,2,2,"16-17"
8,2,2,"17-18"
8,1,1,"18-19"
8,1,1,"19-20"
8,1,1,"20-21"
8,1,1,"6-7"
8,1,1,"7-8"
8,1,1,"8-9"
8,1,1,"9-10"
9,1,1,"10-11"
9,1,1,"11-12"
9,1,1,"12-13"
9,1,1,"13-14"
9,1,1,"14-15"
9,2,2,"15-16"
9,2,2,"16-17"
9,2,2,"17-18"
9,1,1,"18-19"
9,1,1,"19-20"
9,1,1,"20-21"
9,1,1,"6-7"
9,1,1,"7-8"
9,1,1,"8-9"
9,1,1,"9-10"
10,1,1,"10-11"
10,1,1,"11-12"
10,1,1,"12-13"
10,1,1,"13-14"
10,1,1,"14-15"
10,2,2,"15-16"
10,2,2,"16-17"
10,2,2,"17-18"
10,1,1,"18-19"
10,1,1,"19-20"
10,1,1,"20-21"
10,1,1,"6-7"
10,1,1,"7-8"
10,1,1,"8-9"
10,1,1,"9-10"
11,1,1,"10-11"
11,1,1,"11-12"
11,1,1,"12-13"
11,1,1,"13-14"
11,1,1,"14-15"
11,1,1,"15-16"
11,1,1,"16-17"
11,1,1,"17-18"
11,1,1,"18-19"
11,1,1,"19-20"
11,1,1,"20-21"
11,1,1,"6-7"
11,1,1,"7-8"
11,1,1,"8-9"
11,1,1,"9-10"
12,1,1,"10-11"
12,1,1,"11-12"
12,1,1,"12-13"
12,1,1,"13-14"
12,1,1,"14-15"
12,1,1,"15-16"
12,1,1,"16-17"
12,1,1,"17-18"
12,1,1,"18-19"
12,1,1,"19-20"
12,1,1,"20-21"
12,1,1,"6-7"
12,1,1,"7-8"
12,1,1,"8-9"
12,1,1,"9-10"
13,1,1,"10-11"
13,1,1,"11-12"
13,1,1,"12-13"
13,1,1,"13-14"
13,1,1,"14-15"
13,1,1,"15-16"
13,1,1,"16-17"
13,1,1,"17-18"
13,1,1,"18-19"
13,1,1,"19-20"
13,1,1,"20-21"
13,1,1,"6-7"
13,1,1,"7-8"
13,1,1,"8-9"
13,1,1,"9-10"
14,1,1,"10-11"
14,1,1,"11-12"
14,1,1,"12-13"
14,1,1,"13-14"
14,1,1,"14-15"
14,1,1,"15-16"
14,1,1,"16-17"
14,1,1,"17-18"
14,1,1,"18-19"
14,1,1,"19-20"
14,1,1,"20-21"
14,1,1,"6-7"
14,1,1,"7-8"
14,1,1,"8-9"
14,1,1,"9-10"
15,1,1,"10-11"
15,1,1,"11-12"
15,1,1,"12-13"
15,1,1,"13-14"
15,1,1,"14-15"
15,1,1,"15-16"
15,1,1,"16-17"
15,1,1,"17-18"
15,1,1,"18-19"
15,1,1,"19-20"
15,1,1,"20-21"
15,1,1,"6-7"
15,1,1,"7-8"
15,1,1,"8-9"
15,1,1,"9-10"
16,1,1,"10-11"
16,1,1,"11-12"
16,1,1,"12-13"
16,1,1,"13-14"
16,1,1,"14-15"
16,1,1,"15-16"
16,1,1,"16-17"
16,1,1,"17-18"
16,1,1,"18-19"
16,1,1,"19-20"
16,1,1,"20-21"
16,1,1,"6-7"
16,1,1,"7-8"
16,1,1,"8-9"
16,1,1,"9-10"
17,1,1,"10-11"
17,1,1,"11-12"
17,1,1,"12-13"
17,1,1,"13-14"
17,1,1,"14-15"
17,1,1,"15-16"
17,1,1,"16-17"
17,1,1,"17-18"
17,1,1,"18-19"
17,1,1,"19-20"
17,1,1,"20-21"
17,1,1,"6-7"
17,1,1,"7-8"
17,1,1,"8-9"
17,1,1,"9-10"
18,1,1,"10-11"
18,1,1,"11-12"
18,1,1,"12-13"
18,1,1,"13-14"
18,1,1,"14-15"
18,1,1,"15-16"
18,1,1,"16-17"
18,1,1,"17-18"
18,1,1,"18-19"
18,1,1,"19-20"
18,1,1,"20-21"
18,1,1,"6-7"
18,1,1,"7-8"
18,1,1,"8-9"
18,1,1,"9-10"
19,1,1,"10-11"
19,1,1,"11-12"
19,1,1,"12-13"
19,1,1,"13-14"
19,1,1,"14-15"
19,1,1,"15-16"
19,1,1,"16-17"
19,1,1,"17-18"
19,1,1,"18-19"
19,1,1,"19-20"
19,1,1,"20-21"
19,1,1,"6-7"
19,1,1,"7-8"
19,1,1,"8-9"
19,1,1,"9-10"
20,1,1,"10-11"
20,1,1,"11-12"
20,1,1,"12-13"
20,1,1,"13-14"
20,1,1,"14-15"
20,1,1,"15-16"
20,1,1,"16-17"
20,1,1,"17-18"
20,1,1,"18-19"
20,1,1,"19-20"
20,1,1,"20-21"
20,1,1,"6-7"
20,1,1,"7-8"
20,1,1,"8-9"
20,1,1,"9-10"
21,1,1,"10-11"
21,1,1,"11-12"
21,1,1,"12-13"
21,1,1,"13-14"
21,1,1,"14-15"
21,1,1,"15-16"
21,1,1,"16-17"
21,1,1,"17-18"
21,1,1,"18-19"
21,1,1,"19-20"
21,1,1,"20-21"
21,1,1,"6-7"
21,1,1,"7-8"
21,1,1,"8-9"
21,1,1,"9-10"
22,1,1,"10-11"
22,1,1,"11-12"
22,1,1,"12-13"
22,1,1,"13-14"
22,1,1,"14-15"
22,1,1,"15-16"
22,1,1,"16-17"
22,1,1,"17-18"
22,1,1,"18-19"
22,1,1,"19-20"
22,1,1,"20-21"
22,1,1,"6-7"
22,1,1,"7-8"
22,1,1,"8-9"
22,1,1,"9-10"
23,1,1,"10-11"
23,1,1,"11-12"
23,1,1,"12-13"
23,1,1,"13-14"
23,1,1,"14-15"
23,1,1,"15-16"
23,1,1,"16-17"
23,1,1,"17-18"
23,1,1,"18-19"
23,1,1,"19-20"
23,1,1,"20-21"
23,1,1,"6-7"
23,1,1,"7-8"
23,1,1,"8-9"
23,1,1,"9-10"
24,1,1,"10-11"
24,1,1,"11-12"
24,1,1,"12-13"
24,1,1,"13-14"
24,1,1,"14-15"
24,1,1,"15-16"
24,1,1,"16-17"
24,1,1,"17-18"
24,1,1,"18-19"
24,1,1,"19-20"
24,1,1,"20-21"
24,1,1,"6-7"
24,1,1,"7-8"
24,1,1,"8-9"
24,1,1,"9-10"
25,1,1,"10-11"
25,1,1,"11-12"
25,1,1,"12-13"
25,1,1,"13-14"
25,1,1,"14-15"
25,1,1,"15-16"
25,1,1,"16-17"
25,1,1,"17-18"
25,1,1,"18-19"
25,1,1,"19-20"
25,1,1,"20-21"
25,1,1,"6-7"
25,1,1,"7-8"
25,1,1,"8-9"
25,1,1,"9-10"
26,1,1,"10-11"
26,1,1,"11-12"
26,1,1,"12-13"
26,1,1,"13-14"
26,1,1,"14-15"
26,1,1,"15-16"
26,1,1,"16-17"
26,1,1,"17-18"
26,1,1,"18-19"
26,1,1,"19-20"
26,1,1,"20-21"
26,1,1,"6-7"
26,1,1,"7-8"
26,1,1,"8-9"
26,1,1,"9-10"
27,1,1,"10-11"
27,1,1,"11-12"
27,1,1,"12-13"
27,1,1,"13-14"
27,1,1,"14-15"
27,2,2,"15-16"
27,2,2,"16-17"
27,2,2,"17-18"
27,1,1,"18-19"
27,1,1,"19-20"
27,1,1,"20-21"
27,1,1,"6-7"
27,1,1,"7-8"
27,1,1,"8-9"
27,1,1,"9-10"
28,1,1,"10-11"
28,1,1,"11-12"
28,1,1,"12-13"
28,1,1,"13-14"
28,1,1,"14-15"
28,2,2,"15-16"
28,2,2,"16-17"
28,2,2,"17-18"
28,1,1,"18-19"
28,1,1,"19-20"
28,1,1,"20-21"
28,1,1,"6-7"
28,1,1,"7-8"
28,1,1,"8-9"
28,1,1,"9-10"
29,1,1,"10-11"
29,1,1,"11-12"
29,1,1,"12-13"
29,1,1,"13-14"
29,1,1,"14-15"
29,2,2,"15-16"
29,2,2,"16-17"
29,2,2,"17-18"
29,1,1,"18-19"
29,1,1,"19-20"
29,1,1,"20-21"
29,1,1,"6-7"
29,1,1,"7-8"
29,1,1,"8-9"
29,1,1,"9-10"
30,1,1,"10-11"
30,1,1,"11-12"
30,1,1,"12-13"
30,1,1,"13-14"
30,1,1,"14-15"
30,2,2,"15-16"
30,2,2,"16-17"
30,2,2,"17-18"
30,1,1,"18-19"
30,1,1,"19-20"
30,1,1,"20-21"
30,1,1,"6-7"
30,1,1,"7-8"
30,1,1,"8-9"
30,1,1,"9-10"
31,1,1,"10-11"
31,1,1,"11-12"
31,1,1,"12-13"
31,1,1,"13-14"
31,1,1,"14-15"
31,1,1,"15-16"
31,1,1,"16-17"
31,1,1,"17-18"
31,1,1,"18-19"
31,1,1,"19-20"
31,1,1,"20-21"
31,1,1,"6-7"
31,1,1,"7-8"
31,1,1,"8-9"
31,1,1,"9-10"
32,1,1,"10-11"
32,1,1,"11-12"
32,1,1,"12-13"
32,1,1,"13-14"
32,1,1,"14-15"
32,1,1,"15-16"
32,1,1,"16-17"
32,1,1,"17-18"
32,1,1,"18-19"
32,1,1,"19-20"
32,1,1,"20-21"
32,1,1,"6-7"
32,1,1,"7-8"
32,1,1,"8-9"
32,1,1,"9-10"
33,1,1,"10-11"
33,1,1,"11-12"
33,1,1,"12-13"
33,1,1,"13-14"
33,1,1,"14-15"
33,1,1,"15-16"
33,1,1,"16-17"
33,1,1,"17-18"
33,1,1,"18-19"
33,1,1,"19-20"
33,1,1,"20-21"
33,1,1,"6-7"
33,1,1,"7-8"
33,1,1,"8-9"
33,1,1,"9-10"
34,1,1,"10-11"
34,1,1,"11-12"
34,1,1,"12-13"
34,1,1,"13-14"
34,1,1,"14-15"
34,1,1,"15-16"
34,1,1,"16-17"
34,1,1,"17-18"
34,1,1,"18-19"
34,1,1,"19-20"
34,1,1,"20-21"
34,1,1,"6-7"
34,1,1,"7-8"
34,1,1,"8-9"
34,1,1,"9-10"
35,1,1,"10-11"
35,1,1,"11-12"
35,1,1,"12-13"
35,1,1,"13-14"
35,1,1,"14-15"
35,1,1,"15-16"
35,1,1,"16-17"
35,1,1,"17-18"
35,1,1,"18-19"
35,1,1,"19-20"
35,1,1,"20-21"
35,1,1,"6-7"
35,1,1,"7-8"
35,1,1,"8-9"
35,1,1,"9-10"
36,1,1,"10-11"
36,1,1,"11-12"
36,1,1,"12-13"
36,1,1,"13-14"
36,1,1,"14-15"
36,1,1,"15-16"
36,1,1,"16-17"
36,1,1,"17-18"
36,1,1,"18-19"
36,1,1,"19-20"
36,1,1,"20-21"
36,2,2,"6-7"
36,2,2,"7-8"
36,2,2,"8-9"
36,1,1,"9-10"
37,1,1,"10-11"
37,1,1,"11-12"
37,1,1,"12-13"
37,1,1,"13-14"
37,1,1,"14-15"
37,1,1,"15-16"
37,1,1,"16-17"
37,1,1,"17-18"
37,1,1,"18-19"
37,1,1,"19-20"
37,1,1,"20-21"
37,2,2,"6-7"
37,2,2,"7-8"
37,2,2,"8-9"
37,1,1,"9-10"
38,1,1,"10-11"
38,1,1,"11-12"
38,1,1,"12-13"
38,1,1,"13-14"
38,1,1,"14-15"
38,1,1,"15-16"
38,1,1,"16-17"
38,1,1,"17-18"
38,1,1,"18-19"
38,1,1,"19-20"
38,1,1,"20-21"
38,1,1,"6-7"
38,1,1,"7-8"
38,1,1,"8-9"
38,1,1,"9-10"
39,1,1,"10-11"
39,1,1,"11-12"
39,1,1,"12-13"
39,1,1,"13-14"
39,1,1,"14-15"
39,1,1,"15-16"
39,1,1,"16-17"
39,1,1,"17-18"
39,1,1,"18-19"
39,1,1,"19-20"
39,1,1,"20-21"
39,1,1,"6-7"
39,1,1,"7-8"
39,1,1,"8-9"
39,1,1,"9-10"
40,1,1,"10-11"
40,1,1,"11-12"
40,1,1,"12-13"
40,1,1,"13-14"
40,1,1,"14-15"
40,1,1,"15-16"
40,1,1,"16-17"
40,1,1,"17-18"
40,1,1,"18-19"
40,1,1,"19-20"
40,1,1,"20-21"
40,1,1,"6-7"
40,1,1,"7-8"
40,1,1,"8-9"
40,1,1,"9-10"
41,1,1,"10-11"
41,1,1,"11-12"
41,1,1,"12-13"
41,1,1,"13-14"
41,1,1,"14-15"
41,1,1,"15-16"
41,1,1,"16-17"
41,1,1,"17-18"
41,1,1,"18-19"
41,1,1,"19-20"
41,1,1,"20-21"
41,1,1,"6-7"
41,1,1,"7-8"
41,1,1,"8-9"
41,1,1,"9-10"
42,1,1,"10-11"
42,1,1,"11-12"
42,1,1,"12-13"
42,1,1,"13-14"
42,1,1,"14-15"
42,1,1,"15-16"
42,1,1,"16-17"
42,1,1,"17-18"
42,1,1,"18-19"
42,1,1,"19-20"
42,1,1,"20-21"
42,1,1,"6-7"
42,1,1,"7-8"
42,1,1,"8-9"
42,1,1,"9-10"
43,1,1,"10-11"
43,1,1,"11-12"
43,1,1,"12-13"
43,1,1,"13-14"
43,1,1,"14-15"
43,1,1,"15-16"
43,1,1,"16-17"
43,1,1,"17-18"
43,1,1,"18-19"
43,1,1,"19-20"
43,1,1,"20-21"
43,1,1,"6-7"
43,1,1,"7-8"
43,1,1,"8-9"
43,1,1,"9-10"
44,1,1,"10-11"
44,1,1,"11-12"
44,1,1,"12-13"
44,1,1,"13-14"
44,1,1,"14-15"
44,1,1,"15-16"
44,1,1,"16-17"
44,1,1,"17-18"
44,1,1,"18-19"
44,1,1,"19-20"
44,1,1,"20-21"
44,1,1,"6-7"
44,1,1,"7-8"
44,1,1,"8-9"
44,1,1,"9-10"
45,1,1,"10-11"
45,1,1,"11-12"
45,1,1,"12-13"
45,1,1,"13-14"
45,1,1,"14-15"
45,1,1,"15-16"
45,1,1,"16-17"
45,1,1,"17-18"
45,1,1,"18-19"
45,1,1,"19-20"
45,1,1,"20-21"
45,1,1,"6-7"
45,1,1,"7-8"
45,1,1,"8-9"
45,1,1,"9-10"
46,1,1,"10-11"
46,1,1,"11-12"
46,1,1,"12-13"
46,1,1,"13-14"
46,1,1,"14-15"
46,1,1,"15-16"
46,1,1,"16-17"
46,1,1,"17-18"
46,1,1,"18-19"
46,1,1,"19-20"
46,1,1,"20-21"
46,1,1,"6-7"
46,1,1,"7-8"
46,1,1,"8-9"
46,1,1,"9-10"
47,1,1,"10-11"
47,1,1,"11-12"
47,1,1,"12-13"
47,1,1,"13-14"
47,1,1,"14-15"
47,2,2,"15-16"
47,2,2,"16-17"
47,2,2,"17-18"
47,1,1,"18-19"
47,1,1,"19-20"
47,1,1,"20-21"
47,1,1,"6-7"
47,1,1,"7-8"
47,1,1,"8-9"
47,1,1,"9-10"
48,1,1,"10-11"
48,1,1,"11-12"
48,1,1,"12-13"
48,1,1,"13-14"
48,1,1,"14-15"
48,2,2,"15-16"
48,2,2,"16-17"
48,2,2,"17-18"
48,1,1,"18-19"
48,1,1,"19-20"
48,1,1,"20-21"
48,1,1,"6-7"
48,1,1,"7-8"
48,1,1,"8-9"
48,1,1,"9-10"
49,1,1,"10-11"
49,1,1,"11-12"
49,1,1,"12-13"
49,1,1,"13-14"
49,1,1,"14-15"
49,2,2,"15-16"
49,2,2,"16-17"
49,2,2,"17-18"
49,1,1,"18-19"
49,1,1,"19-20"
49,1,1,"20-21"
49,1,1,"6-7"
49,1,1,"7-8"
49,1,1,"8-9"
49,1,1,"9-10"
50,1,1,"10-11"
50,1,1,"11-12"
50,1,1,"12-13"
50,1,1,"13-14"
50,1,1,"14-15"
50,2,2,"15-16"
50,2,2,"16-17"
50,2,2,"17-18"
50,1,1,"18-19"
50,1,1,"19-20"
50,1,1,"20-21"
50,1,1,"6-7"
50,1,1,"7-8"
50,1,1,"8-9"
50,1,1,"9-10"
51,1,1,"10-11"
51,1,1,"11-12"
51,1,1,"12-13"
51,1,1,"13-14"
51,1,1,"14-15"
51,1,1,"15-16"
51,1,1,"16-17"
51,1,1,"17-18"
51,1,1,"18-19"
51,1,1,"19-20"
51,1,1,"20-21"
51,1,1,"6-7"
51,1,1,"7-8"
51,1,1,"8-9"
51,1,1,"9-10"
52,1,1,"10-11"
52,1,1,"11-12"
52,1,1,"12-13"
52,1,1,"13-14"
52,1,1,"14-15"
52,1,1,"15-16"
52,1,1,"16-17"
52,1,1,"17-18"
52,1,1,"18-19"
52,1,1,"19-20"
52,1,1,"20-21"
52,1,1,"6-7"
52,1,1,"7-8"
52,1,1,"8-9"
52,1,1,"9-10"
53,1,1,"10-11"
53,1,1,"11-12"
53,1,1,"12-13"
53,1,1,"13-14"
53,1,1,"14-15"
53,1,1,"15-16"
53,1,1,"16-17"
53,1,1,"17-18"
53,1,1,"18-19"
53,1,1,"19-20"
53,1,1,"20-21"
53,1,1,"6-7"
53,1,1,"7-8"
53,1,1,"8-9"
53,1,1,"9-10"
54,1,1,"10-11"
54,1,1,"11-12"
54,1,1,"12-13"
54,1,1,"13-14"
54,1,1,"14-15"
54,1,1,"15-16"
54,1,1,"16-17"
54,1,1,"17-18"
54,1,1,"18-19"
54,1,1,"19-20"
54,1,1,"20-21"
54,2,2,"6-7"
54,2,2,"7-8"
54,2,2,"8-9"
54,1,1,"9-10"
55,1,1,"10-11"
55,1,1,"11-12"
55,1,1,"12-13"
55,1,1,"13-14"
55,1,1,"14-15"
55,1,1,"15-16"
55,1,1,"16-17"
55,1,1,"17-18"
55,1,1,"18-19"
55,1,1,"19-20"
55,1,1,"20-21"
55,3,3,"6-7"
55,3,3,"7-8"
55,3,3,"8-9"
55,1,1,"9-10"
56,1,1,"10-11"
56,1,1,"11-12"
56,1,1,"12-13"
56,1,1,"13-14"
56,1,1,"14-15"
56,1,1,"15-16"
56,1,1,"16-17"
56,1,1,"17-18"
56,1,1,"18-19"
56,1,1,"19-20"
56,1,1,"20-21"
56,3,3,"6-7"
56,3,3,"7-8"
56,3,3,"8-9"
56,1,1,"9-10"
57,1,1,"10-11"
57,1,1,"11-12"
57,1,1,"12-13"
57,1,1,"13-14"
57,1,1,"14-15"
57,1,1,"15-16"
57,1,1,"16-17"
57,1,1,"17-18"
57,1,1,"18-19"
57,1,1,"19-20"
57,1,1,"20-21"
57,3,3,"6-7"
57,3,3,"7-8"
57,3,3,"8-9"
57,1,1,"9-10"
58,1,1,"10-11"
58,1,1,"11-12"
58,1,1,"12-13"
58,1,1,"13-14"
58,1,1,"14-15"
58,1,1,"15-16"
58,1,1,"16-17"
58,1,1,"17-18"
58,1,1,"18-19"
58,1,1,"19-20"
58,1,1,"20-21"
58,2,2,"6-7"
58,2,2,"7-8"
58,2,2,"8-9"
58,1,1,"9-10"
59,1,1,"10-11"
59,1,1,"11-12"
59,1,1,"12-13"
59,1,1,"13-14"
59,1,1,"14-15"
59,1,1,"15-16"
59,1,1,"16-17"
59,1,1,"17-18"
59,1,1,"18-19"
59,1,1,"19-20"
59,1,1,"20-21"
59,1,1,"6-7"
59,1,1,"7-8"
59,1,1,"8-9"
59,1,1,"9-10"
60,1,1,"10-11"
60,1,1,"11-12"
60,1,1,"12-13"
60,1,1,"13-14"
60,1,1,"14-15"
60,1,1,"15-16"
60,1,1,"16-17"
60,1,1,"17-18"
60,1,1,"18-19"
60,1,1,"19-20"
60,1,1,"20-21"
60,1,1,"6-7"
60,1,1,"7-8"
60,1,1,"8-9"
60,1,1,"9-10"
61,1,1,"10-11"
61,1,1,"11-12"
61,1,1,"12-13"
61,1,1,"13-14"
61,1,1,"14-15"
61,1,1,"15-16"
61,1,1,"16-17"
61,1,1,"17-18"
61,1,1,"18-19"
61,1,1,"19-20"
61,1,1,"20-21"
61,1,1,"6-7"
61,1,1,"7-8"
61,1,1,"8-9"
61,1,1,"9-10"
62,1,1,"10-11"
62,1,1,"11-12"
62,1,1,"12-13"
62,1,1,"13-14"
62,1,1,"14-15"
62,1,1,"15-16"
62,1,1,"16-17"
62,1,1,"17-18"
62,1,1,"18-19"
62,1,1,"19-20"
62,1,1,"20-21"
62,1,1,"6-7"
62,1,1,"7-8"
62,1,1,"8-9"
62,1,1,"9-10"
63,1,1,"10-11"
63,1,1,"11-12"
63,1,1,"12-13"
63,1,1,"13-14"
63,1,1,"14-15"
63,1,1,"15-16"
63,1,1,"16-17"
63,1,1,"17-18"
63,1,1,"18-19"
63,1,1,"19-20"
63,1,1,"20-21"
63,1,1,"6-7"
63,1,1,"7-8"
63,1,1,"8-9"
63,1,1,"9-10"
64,1,1,"10-11"
64,1,1,"11-12"
64,1,1,"12-13"
64,1,1,"13-14"
64,1,1,"14-15"
64,1,1,"15-16"
64,1,1,"16-17"
64,1,1,"17-18"
64,1,1,"18-19"
64,1,1,"19-20"
64,1,1,"20-21"
64,1,1,"6-7"
64,1,1,"7-8"
64,1,1,"8-9"
64,1,1,"9-10"
65,1,1,"10-11"
65,1,1,"11-12"
65,1,1,"12-13"
65,1,1,"13-14"
65,1,1,"14-15"
65,1,1,"15-16"
65,1,1,"16-17"
65,1,1,"17-18"
65,1,1,"18-19"
65,1,1,"19-20"
65,1,1,"20-21"
65,1,1,"6-7"
65,1,1,"7-8"
65,1,1,"8-9"
65,1,1,"9-10"
66,1,1,"10-11"
66,1,1,"11-12"
66,1,1,"12-13"
66,1,1,"13-14"
66,1,1,"14-15"
66,1,1,"15-16"
66,1,1,"16-17"
66,1,1,"17-18"
66,1,1,"18-19"
66,1,1,"19-20"
66,1,1,"20-21"
66,1,1,"6-7"
66,1,1,"7-8"
66,1,1,"8-9"
66,1,1,"9-10"
67,1,1,"10-11"
67,1,1,"11-12"
67,1,1,"12-13"
67,1,1,"13-14"
67,1,1,"14-15"
67,1,1,"15-16"
67,1,1,"16-17"
67,1,1,"17-18"
67,1,1,"18-19"
67,1,1,"19-20"
67,1,1,"20-21"
67,1,1,"6-7"
67,1,1,"7-8"
67,1,1,"8-9"
67,1,1,"9-10"
68,1,1,"10-11"
68,1,1,"11-12"
68,1,1,"12-13"
68,1,1,"13-14"
68,1,1,"14-15"
68,1,1,"15-16"
68,1,1,"16-17"
68,1,1,"17-18"
68,1,1,"18-19"
68,1,1,"19-20"
68,1,1,"20-21"
68,1,1,"6-7"
68,1,1,"7-8"
68,1,1,"8-9"
68,1,1,"9-10"
69,1,1,"10-11"
69,1,1,"11-12"
69,1,1,"12-13"
69,1,1,"13-14"
69,1,1,"14-15"
69,1,1,"15-16"
69,1,1,"16-17"
69,1,1,"17-18"
69,1,1,"18-19"
69,1,1,"19-20"
69,1,1,"20-21"
69,1,1,"6-7"
69,1,1,"7-8"
69,1,1,"8-9"
69,1,1,"9-10"
70,1,1,"10-11"
70,1,1,"11-12"
70,1,1,"12-13"
70,1,1,"13-14"
70,1,1,"14-15"
70,1,1,"15-16"
70,1,1,"16-17"
70,1,1,"17-18"
70,1,1,"18-19"
70,1,1,"19-20"
70,1,1,"20-21"
70,1,1,"6-7"
70,1,1,"7-8"
70,1,1,"8-9"
70,1,1,"9-10"
71,1,1,"10-11"
71,1,1,"11-12"
71,1,1,"12-13"
71,1,1,"13-14"
71,1,1,"14-15"
71,1,1,"15-16"
71,1,1,"16-17"
71,1,1,"17-18"
71,1,1,"18-19"
71,1,1,"19-20"
71,1,1,"20-21"
71,1,1,"6-7"
71,1,1,"7-8"
71,1,1,"8-9"
71,1,1,"9-10"
72,1,1,"10-11"
72,1,1,"11-12"
72,1,1,"12-13"
72,1,1,"13-14"
72,1,1,"14-15"
72,1,1,"15-16"
72,1,1,"16-17"
72,1,1,"17-18"
72,1,1,"18-19"
72,1,1,"19-20"
72,1,1,"20-21"
72,1,1,"6-7"
72,1,1,"7-8"
72,1,1,"8-9"
72,1,1,"9-10"
73,1,1,"10-11"
73,1,1,"11-12"
73,1,1,"12-13"
73,1,1,"13-14"
73,1,1,"14-15"
73,1,1,"15-16"
73,1,1,"16-17"
73,1,1,"17-18"
73,1,1,"18-19"
73,1,1,"19-20"
73,1,1,"20-21"
73,1,1,"6-7"
73,1,1,"7-8"
73,1,1,"8-9"
73,1,1,"9-10"
74,1,1,"10-11"
74,1,1,"11-12"
74,1,1,"12-13"
74,1,1,"13-14"
74,1,1,"14-15"
74,1,1,"15-16"
74,1,1,"16-17"
74,1,1,"17-18"
74,1,1,"18-19"
74,1,1,"19-20"
74,1,1,"20-21"
74,2,2,"6-7"
74,2,2,"7-8"
74,2,2,"8-9"
74,1,1,"9-10"
75,1,1,"10-11"
75,1,1,"11-12"
75,1,1,"12-13"
75,1,1,"13-14"
75,1,1,"14-15"
75,1,1,"15-16"
75,1,1,"16-17"
75,1,1,"17-18"
75,1,1,"18-19"
75,1,1,"19-20"
75,1,1,"20-21"
75,3,3,"6-7"
75,3,3,"7-8"
75,3,3,"8-9"
75,1,1,"9-10"
76,1,1,"10-11"
76,1,1,"11-12"
76,1,1,"12-13"
76,1,1,"13-14"
76,1,1,"14-15"
76,1,1,"15-16"
76,1,1,"16-17"
76,1,1,"17-18"
76,1,1,"18-19"
76,1,1,"19-20"
76,1,1,"20-21"
76,3,3,"6-7"
76,3,3,"7-8"
76,3,3,"8-9"
76,1,1,"9-10"
77,1,1,"10-11"
77,1,1,"11-12"
77,1,1,"12-13"
77,1,1,"13-14"
77,1,1,"14-15"
77,1,1,"15-16"
77,1,1,"16-17"
77,1,1,"17-18"
77,1,1,"18-19"
77,1,1,"19-20"
77,1,1,"20-21"
77,2,2,"6-7"
77,2,2,"7-8"
77,2,2,"8-9"
77,1,1,"9-10"
78,1,1,"10-11"
78,1,1,"11-12"
78,1,1,"12-13"
78,1,1,"13-14"
78,1,1,"14-15"
78,1,1,"15-16"
78,1,1,"16-17"
78,1,1,"17-18"
78,1,1,"18-19"
78,1,1,"19-20"
78,1,1,"20-21"
78,2,2,"6-7"
78,2,2,"7-8"
78,2,2,"8-9"
78,1,1,"9-10"
79,1,1,"10-11"
79,1,1,"11-12"
79,1,1,"12-13"
79,1,1,"13-14"
79,1,1,"14-15"
79,1,1,"15-16"
79,1,1,"16-17"
79,1,1,"17-18"
79,1,1,"18-19"
79,1,1,"19-20"
79,1,1,"20-21"
79,1,1,"6-7"
79,1,1,"7-8"
79,1,1,"8-9"
79,1,1,"9-10"
80,1,1,"10-11"
80,1,1,"11-12"
80,1,1,"12-13"
80,1,1,"13-14"
80,1,1,"14-15"
80,1,1,"15-16"
80,1,1,"16-17"
80,1,1,"17-18"
80,1,1,"18-19"
80,1,1,"19-20"
80,1,1,"20-21"
80,1,1,"6-7"
80,1,1,"7-8"
80,1,1,"8-9"
80,1,1,"9-10"
81,1,1,"10-11"
81,1,1,"11-12"
81,1,1,"12-13"
81,1,1,"13-14"
81,1,1,"14-15"
81,1,1,"15-16"
81,1,1,"16-17"
81,1,1,"17-18"
81,1,1,"18-19"
81,1,1,"19-20"
81,1,1,"20-21"
81,1,1,"6-7"
81,1,1,"7-8"
81,1,1,"8-9"
81,1,1,"9-10"
82,1,1,"10-11"
82,1,1,"11-12"
82,1,1,"12-13"
82,1,1,"13-14"
82,1,1,"14-15"
82,1,1,"15-16"
82,1,1,"16-17"
82,1,1,"17-18"
82,1,1,"18-19"
82,1,1,"19-20"
82,1,1,"20-21"
82,1,1,"6-7"
82,1,1,"7-8"
82,1,1,"8-9"
82,1,1,"9-10"
83,1,1,"10-11"
83,1,1,"11-12"
83,1,1,"12-13"
83,1,1,"13-14"
83,1,1,"14-15"
83,1,1,"15-16"
83,1,1,"16-17"
83,1,1,"17-18"
83,1,1,"18-19"
83,1,1,"19-20"
83,1,1,"20-21"
83,1,1,"6-7"
83,1,1,"7-8"
83,1,1,"8-9"
83,1,1,"9-10"
84,1,1,"10-11"
84,1,1,"11-12"
84,1,1,"12-13"
84,1,1,"13-14"
84,1,1,"14-15"
84,1,1,"15-16"
84,1,1,"16-17"
84,1,1,"17-18"
84,1,1,"18-19"
84,1,1,"19-20"
84,1,1,"20-21"
84,1,1,"6-7"
84,1,1,"7-8"
84,1,1,"8-9"
84,1,1,"9-10"
85,1,1,"10-11"
85,1,1,"11-12"
85,1,1,"12-13"
85,1,1,"13-14"
85,1,1,"14-15"
85,1,1,"15-16"
85,1,1,"16-17"
85,1,1,"17-18"
85,1,1,"18-19"
85,1,1,"19-20"
85,1,1,"20-21"
85,1,1,"6-7"
85,1,1,"7-8"
85,1,1,"8-9"
85,1,1,"9-10"
86,1,1,"10-11"
86,1,1,"11-12"
86,1,1,"12-13"
86,1,1,"13-14"
86,1,1,"14-15"
86,1,1,"15-16"
86,1,1,"16-17"
86,1,1,"17-18"
86,1,1,"18-19"
86,1,1,"19-20"
86,1,1,"20-21"
86,1,1,"6-7"
86,1,1,"7-8"
86,1,1,"8-9"
86,1,1,"9-10"
87,1,1,"10-11"
87,1,1,"11-12"
87,1,1,"12-13"
87,1,1,"13-14"
87,1,1,"14-15"
87,1,1,"15-16"
87,1,1,"16-17"
87,1,1,"17-18"
87,1,1,"18-19"
87,1,1,"19-20"
87,1,1,"20-21"
87,1,1,"6-7"
87,1,1,"7-8"
87,1,1,"8-9"
87,1,1,"9-10"
88,1,1,"10-11"
88,1,1,"11-12"
88,1,1,"12-13"
88,1,1,"13-14"
88,1,1,"14-15"
88,1,1,"15-16"
88,1,1,"16-17"
88,1,1,"17-18"
88,1,1,"18-19"
88,1,1,"19-20"
88,1,1,"20-21"
88,1,1,"6-7"
88,1,1,"7-8"
88,1,1,"8-9"
88,1,1,"9-10"
89,1,1,"10-11"
89,1,1,"11-12"
89,1,1,"12-13"
89,1,1,"13-14"
89,1,1,"14-15"
89,1,1,"15-16"
89,1,1,"16-17"
89,1,1,"17-18"
89,1,1,"18-19"
89,1,1,"19-20"
89,1,1,"20-21"
89,1,1,"6-7"
89,1,1,"7-8"
89,1,1,"8-9"
89,1,1,"9-10"
90,1,1,"10-11"
90,1,1,"11-12"
90,1,1,"12-13"
90,1,1,"13-14"
90,1,1,"14-15"
90,1,1,"15-16"
90,1,1,"16-17"
90,1,1,"17-18"
90,1,1,"18-19"
90,1,1,"19-20"
90,1,1,"20-21"
90,1,1,"6-7"
90,1,1,"7-8"
90,1,1,"8-9"
90,1,1,"9-10"
91,1,1,"10-11"
91,1,1,"11-12"
91,1,1,"12-13"
91,1,1,"13-14"
91,1,1,"14-15"
91,1,1,"15-16"
91,1,1,"16-17"
91,1,1,"17-18"
91,1,1,"18-19"
91,1,1,"19-20"
91,1,1,"20-21"
91,1,1,"6-7"
91,1,1,"7-8"
91,1,1,"8-9"
91,1,1,"9-10"
92,1,1,"10-11"
92,1,1,"11-12"
92,1,1,"12-13"
92,1,1,"13-14"
92,1,1,"14-15"
92,1,1,"15-16"
92,1,1,"16-17"
92,1,1,"17-18"
92,1,1,"18-19"
92,1,1,"19-20"
92,1,1,"20-21"
92,1,1,"6-7"
92,1,1,"7-8"
92,1,1,"8-9"
92,1,1,"9-10"
93,1,1,"10-11"
93,1,1,"11-12"
93,1,1,"12-13"
93,1,1,"13-14"
93,1,1,"14-15"
93,1,1,"15-16"
93,1,1,"16-17"
93,1,1,"17-18"
93,1,1,"18-19"
93,1,1,"19-20"
93,1,1,"20-21"
93,1,1,"6-7"
93,1,1,"7-8"
93,1,1,"8-9"
93,1,1,"9-10"
94,1,1,"10-11"
94,1,1,"11-12"
94,1,1,"12-13"
94,1,1,"13-14"
94,1,1,"14-15"
94,1,1,"15-16"
94,1,1,"16-17"
94,1,1,"17-18"
94,1,1,"18-19"
94,1,1,"19-20"
94,1,1,"20-21"
94,2,2,"6-7"
94,2,2,"7-8"
94,2,2,"8-9"
94,1,1,"9-10"
95,1,1,"10-11"
95,1,1,"11-12"
95,1,1,"12-13"
95,1,1,"13-14"
95,1,1,"14-15"
95,1,1,"15-16"
95,1,1,"16-17"
95,1,1,"17-18"
95,1,1,"18-19"
95,1,1,"19-20"
95,1,1,"20-21"
95,3,3,"6-7"
95,3,3,"7-8"
95,3,3,"8-9"
95,1,1,"9-10"
96,1,1,"10-11"
96,1,1,"11-12"
96,1,1,"12-13"
96,1,1,"13-14"
96,1,1,"14-15"
96,1,1,"15-16"
96,1,1,"16-17"
96,1,1,"17-18"
96,1,1,"18-19"
96,1,1,"19-20"
96,1,1,"20-21"
96,3,3,"6-7"
96,3,3,"7-8"
96,3,3,"8-9"
96,1,1,"9-10"
97,1,1,"10-11"
97,1,1,"11-12"
97,1,1,"12-13"
97,1,1,"13-14"
97,1,1,"14-15"
97,1,1,"15-16"
97,1,1,"16-17"
97,1,1,"17-18"
97,1,1,"18-19"
97,1,1,"19-20"
97,1,1,"20-21"
97,2,2,"6-7"
97,2,2,"7-8"
97,2,2,"8-9"
97,1,1,"9-10"
98,1,1,"10-11"
98,1,1,"11-12"
98,1,1,"12-13"
98,1,1,"13-14"
98,1,1,"14-15"
98,1,1,"15-16"
98,1,1,"16-17"
98,1,1,"17-18"
98,1,1,"18-19"
98,1,1,"19-20"
98,1,1,"20-21"
98,2,2,"6-7"
98,2,2,"7-8"
98,2,2,"8-9"
98,1,1,"9-10"
99,1,1,"10-11"
99,1,1,"11-12"
99,1,1,"12-13"
99,1,1,"13-14"
99,1,1,"14-15"
99,1,1,"15-16"
99,1,1,"16-17"
99,1,1,"17-18"
99,1,1,"18-19"
99,1,1,"19-20"
99,1,1,"20-21"
99,1,1,"6-7"
99,1,1,"7-8"
99,1,1,"8-9"
99,1,1,"9-10"
100,1,1,"10-11"
100,1,1,"11-12"
100,1,1,"12-13"
100,1,1,"13-14"
100,1,1,"14-15"
100,1,1,"15-16"
100,1,1,"16-17"
100,1,1,"17-18"
100,1,1,"18-19"
100,1,1,"19-20"
100,1,1,"20-21"
100,1,1,"6-7"
100,1,1,"7-8"
100,1,1,"8-9"
100,1,1,"9-10"
101,1,1,"10-11"
101,1,1,"11-12"
101,1,1,"12-13"
101,1,1,"13-14"
101,1,1,"14-15"
101,1,1,"15-16"
101,1,1,"16-17"
101,1,1,"17-18"
101,1,1,"18-19"
101,1,1,"19-20"
101,1,1,"20-21"
101,1,1,"6-7"
101,1,1,"7-8"
101,1,1,"8-9"
101,1,1,"9-10"
102,1,1,"10-11"
102,1,1,"11-12"
102,1,1,"12-13"
102,1,1,"13-14"
102,1,1,"14-15"
102,1,1,"15-16"
102,1,1,"16-17"
102,1,1,"17-18"
102,1,1,"18-19"
102,1,1,"19-20"
102,1,1,"20-21"
102,1,1,"6-7"
102,1,1,"7-8"
102,1,1,"8-9"
102,1,1,"9-10"
103,1,1,"10-11"
103,1,1,"11-12"
103,1,1,"12-13"
103,1,1,"13-14"
103,1,1,"14-15"
103,1,1,"15-16"
103,1,1,"16-17"
103,1,1,"17-18"
103,1,1,"18-19"
103,1,1,"19-20"
103,1,1,"20-21"
103,1,1,"6-7"
103,1,1,"7-8"
103,1,1,"8-9"
103,1,1,"9-10"
104,1,1,"10-11"
104,1,1,"11-12"
104,1,1,"12-13"
104,1,1,"13-14"
104,1,1,"14-15"
104,1,1,"15-16"
104,1,1,"16-17"
104,1,1,"17-18"
104,1,1,"18-19"
104,1,1,"19-20"
104,1,1,"20-21"
104,1,1,"6-7"
104,1,1,"7-8"
104,1,1,"8-9"
104,1,1,"9-10"
105,1,1,"10-11"
105,1,1,"11-12"
105,1,1,"12-13"
105,1,1,"13-14"
105,1,1,"14-15"
105,1,1,"15-16"
105,1,1,"16-17"
105,1,1,"17-18"
105,1,1,"18-19"
105,1,1,"19-20"
105,1,1,"20-21"
105,1,1,"6-7"
105,1,1,"7-8"
105,1,1,"8-9"
105,1,1,"9-10"
106,1,1,"10-11"
106,1,1,"11-12"
106,1,1,"12-13"
106,1,1,"13-14"
106,1,1,"14-15"
106,1,1,"15-16"
106,1,1,"16-17"
106,1,1,"17-18"
106,1,1,"18-19"
106,1,1,"19-20"
106,1,1,"20-21"
106,1,1,"6-7"
106,1,1,"7-8"
106,1,1,"8-9"
106,1,1,"9-10"
107,1,1,"10-11"
107,1,1,"11-12"
107,1,1,"12-13"
107,1,1,"13-14"
107,1,1,"14-15"
107,1,1,"15-16"
107,1,1,"16-17"
107,1,1,"17-18"
107,1,1,"18-19"
107,1,1,"19-20"
107,1,1,"20-21"
107,1,1,"6-7"
107,1,1,"7-8"
107,1,1,"8-9"
107,1,1,"9-10"
108,1,1,"10-11"
108,1,1,"11-12"
108,3,3,"12-13"
108,3,3,"13-14"
108,3,3,"14-15"
108,1,1,"15-16"
108,1,1,"16-17"
108,1,1,"17-18"
108,1,1,"18-19"
108,1,1,"19-20"
108,1,1,"20-21"
108,1,1,"6-7"
108,1,1,"7-8"
108,1,1,"8-9"
108,1,1,"9-10"
109,1,1,"10-11"
109,1,1,"11-12"
109,3,3,"12-13"
109,3,3,"13-14"
109,3,3,"14-15"
109,1,1,"15-16"
109,1,1,"16-17"
109,1,1,"17-18"
109,1,1,"18-19"
109,1,1,"19-20"
109,1,1,"20-21"
109,1,1,"6-7"
109,1,1,"7-8"
109,1,1,"8-9"
109,1,1,"9-10"
110,1,1,"10-11"
110,1,1,"11-12"
110,1,1,"12-13"
110,1,1,"13-14"
110,1,1,"14-15"
110,1,1,"15-16"
110,1,1,"16-17"
110,1,1,"17-18"
110,1,1,"18-19"
110,1,1,"19-20"
110,1,1,"20-21"
110,1,1,"6-7"
110,1,1,"7-8"
110,1,1,"8-9"
110,1,1,"9-10"
111,1,1,"10-11"
111,1,1,"11-12"
111,1,1,"12-13"
111,1,1,"13-14"
111,1,1,"14-15"
111,1,1,"15-16"
111,1,1,"16-17"
111,1,1,"17-18"
111,1,1,"18-19"
111,1,1,"19-20"
111,1,1,"20-21"
111,1,1,"6-7"
111,1,1,"7-8"
111,1,1,"8-9"
111,1,1,"9-10"
112,1,1,"10-11"
112,1,1,"11-12"
112,1,1,"12-13"
112,1,1,"13-14"
112,1,1,"14-15"
112,1,1,"15-16"
112,1,1,"16-17"
112,1,1,"17-18"
112,1,1,"18-19"
112,1,1,"19-20"
112,1,1,"20-21"
112,1,1,"6-7"
112,1,1,"7-8"
112,1,1,"8-9"
112,1,1,"9-10"
113,1,1,"10-11"
113,1,1,"11-12"
113,1,1,"12-13"
113,1,1,"13-14"
113,1,1,"14-15"
113,1,1,"15-16"
113,1,1,"16-17"
113,1,1,"17-18"
113,1,1,"18-19"
113,1,1,"19-20"
113,1,1,"20-21"
113,1,1,"6-7"
113,1,1,"7-8"
113,1,1,"8-9"
113,1,1,"9-10"
114,1,1,"10-11"
114,1,1,"11-12"
114,1,1,"12-13"
114,1,1,"13-14"
114,1,1,"14-15"
114,1,1,"15-16"
114,1,1,"16-17"
114,1,1,"17-18"
114,1,1,"18-19"
114,1,1,"19-20"
114,1,1,"20-21"
114,2,2,"6-7"
114,2,2,"7-8"
114,2,2,"8-9"
114,1,1,"9-10"
115,1,1,"10-11"
115,1,1,"11-12"
115,1,1,"12-13"
115,1,1,"13-14"
115,1,1,"14-15"
115,1,1,"15-16"
115,1,1,"16-17"
115,1,1,"17-18"
115,1,1,"18-19"
115,1,1,"19-20"
115,1,1,"20-21"
115,2,2,"6-7"
115,2,2,"7-8"
115,2,2,"8-9"
115,1,1,"9-10"
116,1,1,"10-11"
116,1,1,"11-12"
116,1,1,"12-13"
116,1,1,"13-14"
116,1,1,"14-15"
116,1,1,"15-16"
116,1,1,"16-17"
116,1,1,"17-18"
116,1,1,"18-19"
116,1,1,"19-20"
116,1,1,"20-21"
116,2,2,"6-7"
116,2,2,"7-8"
116,2,2,"8-9"
116,1,1,"9-10"
117,1,1,"10-11"
117,1,1,"11-12"
117,1,1,"12-13"
117,1,1,"13-14"
117,1,1,"14-15"
117,1,1,"15-16"
117,1,1,"16-17"
117,1,1,"17-18"
117,1,1,"18-19"
117,1,1,"19-20"
117,1,1,"20-21"
117,2,2,"6-7"
117,2,2,"7-8"
117,2,2,"8-9"
117,1,1,"9-10"
118,1,1,"10-11"
118,1,1,"11-12"
118,1,1,"12-13"
118,1,1,"13-14"
118,1,1,"14-15"
118,1,1,"15-16"
118,1,1,"16-17"
118,1,1,"17-18"
118,1,1,"18-19"
118,1,1,"19-20"
118,1,1,"20-21"
118,2,2,"6-7"
118,2,2,"7-8"
118,2,2,"8-9"
118,1,1,"9-10"
119,1,1,"10-11"
119,1,1,"11-12"
119,1,1,"12-13"
119,1,1,"13-14"
119,1,1,"14-15"
119,1,1,"15-16"
119,1,1,"16-17"
119,1,1,"17-18"
119,1,1,"18-19"
119,1,1,"19-20"
119,1,1,"20-21"
119,1,1,"6-7"
119,1,1,"7-8"
119,1,1,"8-9"
119,1,1,"9-10"
120,1,1,"10-11"
120,1,1,"11-12"
120,1,1,"12-13"
120,1,1,"13-14"
120,1,1,"14-15"
120,1,1,"15-16"
120,1,1,"16-17"
120,1,1,"17-18"
120,1,1,"18-19"
120,1,1,"19-20"
120,1,1,"20-21"
120,1,1,"6-7"
120,1,1,"7-8"
120,1,1,"8-9"
120,1,1,"9-10"
121,1,1,"10-11"
121,1,1,"11-12"
121,1,1,"12-13"
121,1,1,"13-14"
121,1,1,"14-15"
121,1,1,"15-16"
121,1,1,"16-17"
121,1,1,"17-18"
121,1,1,"18-19"
121,1,1,"19-20"
121,1,1,"20-21"
121,1,1,"6-7"
121,1,1,"7-8"
121,1,1,"8-9"
121,1,1,"9-10"
122,1,1,"10-11"
122,1,1,"11-12"
122,1,1,"12-13"
122,1,1,"13-14"
122,1,1,"14-15"
122,1,1,"15-16"
122,1,1,"16-17"
122,1,1,"17-18"
122,1,1,"18-19"
122,1,1,"19-20"
122,1,1,"20-21"
122,1,1,"6-7"
122,1,1,"7-8"
122,1,1,"8-9"
122,1,1,"9-10"
123,1,1,"10-11"
123,1,1,"11-12"
123,1,1,"12-13"
123,1,1,"13-14"
123,1,1,"14-15"
123,1,1,"15-16"
123,1,1,"16-17"
123,1,1,"17-18"
123,1,1,"18-19"
123,1,1,"19-20"
123,1,1,"20-21"
123,1,1,"6-7"
123,1,1,"7-8"
123,1,1,"8-9"
123,1,1,"9-10"
124,1,1,"10-11"
124,1,1,"11-12"
124,1,1,"12-13"
124,1,1,"13-14"
124,1,1,"14-15"
124,1,1,"15-16"
124,1,1,"16-17"
124,1,1,"17-18"
124,2,2,"18-19"
124,2,2,"19-20"
124,2,2,"20-21"
124,1,1,"6-7"
124,1,1,"7-8"
124,1,1,"8-9"
124,1,1,"9-10"
125,1,1,"10-11"
125,1,1,"11-12"
125,1,1,"12-13"
125,1,1,"13-14"
125,1,1,"14-15"
125,1,1,"15-16"
125,1,1,"16-17"
125,1,1,"17-18"
125,2,2,"18-19"
125,2,2,"19-20"
125,2,2,"20-21"
125,1,1,"6-7"
125,1,1,"7-8"
125,1,1,"8-9"
125,1,1,"9-10"
126,1,1,"10-11"
126,1,1,"11-12"
126,1,1,"12-13"
126,1,1,"13-14"
126,1,1,"14-15"
126,1,1,"15-16"
126,1,1,"16-17"
126,1,1,"17-18"
126,1,1,"18-19"
126,1,1,"19-20"
126,1,1,"20-21"
126,1,1,"6-7"
126,1,1,"7-8"
126,1,1,"8-9"
126,1,1,"9-10"
127,1,1,"10-11"
127,1,1,"11-12"
127,3,3,"12-13"
127,3,3,"13-14"
127,3,3,"14-15"
127,1,1,"15-16"
127,1,1,"16-17"
127,1,1,"17-18"
127,1,1,"18-19"
127,1,1,"19-20"
127,1,1,"20-21"
127,1,1,"6-7"
127,1,1,"7-8"
127,1,1,"8-9"
127,1,1,"9-10"
128,1,1,"10-11"
128,1,1,"11-12"
128,3,3,"12-13"
128,3,3,"13-14"
128,3,3,"14-15"
128,1,1,"15-16"
128,1,1,"16-17"
128,1,1,"17-18"
128,1,1,"18-19"
128,1,1,"19-20"
128,1,1,"20-21"
128,1,1,"6-7"
128,1,1,"7-8"
128,1,1,"8-9"
128,1,1,"9-10"
129,1,1,"10-11"
129,1,1,"11-12"
129,3,3,"12-13"
129,3,3,"13-14"
129,3,3,"14-15"
129,1,1,"15-16"
129,1,1,"16-17"
129,1,1,"17-18"
129,1,1,"18-19"
129,1,1,"19-20"
129,1,1,"20-21"
129,1,1,"6-7"
129,1,1,"7-8"
129,1,1,"8-9"
129,1,1,"9-10"
130,1,1,"10-11"
130,1,1,"11-12"
130,1,1,"12-13"
130,1,1,"13-14"
130,1,1,"14-15"
130,1,1,"15-16"
130,1,1,"16-17"
130,1,1,"17-18"
130,1,1,"18-19"
130,1,1,"19-20"
130,1,1,"20-21"
130,1,1,"6-7"
130,1,1,"7-8"
130,1,1,"8-9"
130,1,1,"9-10"
131,1,1,"10-11"
131,1,1,"11-12"
131,1,1,"12-13"
131,1,1,"13-14"
131,1,1,"14-15"
131,1,1,"15-16"
131,1,1,"16-17"
131,1,1,"17-18"
131,1,1,"18-19"
131,1,1,"19-20"
131,1,1,"20-21"
131,1,1,"6-7"
131,1,1,"7-8"
131,1,1,"8-9"
131,1,1,"9-10"
132,1,1,"10-11"
132,1,1,"11-12"
132,1,1,"12-13"
132,1,1,"13-14"
132,1,1,"14-15"
132,1,1,"15-16"
132,1,1,"16-17"
132,1,1,"17-18"
132,1,1,"18-19"
132,1,1,"19-20"
132,1,1,"20-21"
132,1,1,"6-7"
132,1,1,"7-8"
132,1,1,"8-9"
132,1,1,"9-10"
133,1,1,"10-11"
133,1,1,"11-12"
133,1,1,"12-13"
133,1,1,"13-14"
133,1,1,"14-15"
133,1,1,"15-16"
133,1,1,"16-17"
133,1,1,"17-18"
133,1,1,"18-19"
133,1,1,"19-20"
133,1,1,"20-21"
133,1,1,"6-7"
133,1,1,"7-8"
133,1,1,"8-9"
133,1,1,"9-10"
134,1,1,"10-11"
134,1,1,"11-12"
134,1,1,"12-13"
134,1,1,"13-14"
134,1,1,"14-15"
134,1,1,"15-16"
134,1,1,"16-17"
134,1,1,"17-18"
134,1,1,"18-19"
134,1,1,"19-20"
134,1,1,"20-21"
134,2,2,"6-7"
134,2,2,"7-8"
134,2,2,"8-9"
134,1,1,"9-10"
135,1,1,"10-11"
135,1,1,"11-12"
135,1,1,"12-13"
135,1,1,"13-14"
135,1,1,"14-15"
135,1,1,"15-16"
135,1,1,"16-17"
135,1,1,"17-18"
135,1,1,"18-19"
135,1,1,"19-20"
135,1,1,"20-21"
135,2,2,"6-7"
135,2,2,"7-8"
135,2,2,"8-9"
135,1,1,"9-10"
136,1,1,"10-11"
136,1,1,"11-12"
136,1,1,"12-13"
136,1,1,"13-14"
136,1,1,"14-15"
136,1,1,"15-16"
136,1,1,"16-17"
136,1,1,"17-18"
136,1,1,"18-19"
136,1,1,"19-20"
136,1,1,"20-21"
136,1,1,"6-7"
136,1,1,"7-8"
136,1,1,"8-9"
136,1,1,"9-10"
137,1,1,"10-11"
137,1,1,"11-12"
137,1,1,"12-13"
137,1,1,"13-14"
137,1,1,"14-15"
137,1,1,"15-16"
137,1,1,"16-17"
137,1,1,"17-18"
137,1,1,"18-19"
137,1,1,"19-20"
137,1,1,"20-21"
137,1,1,"6-7"
137,1,1,"7-8"
137,1,1,"8-9"
137,1,1,"9-10"
138,1,1,"10-11"
138,1,1,"11-12"
138,1,1,"12-13"
138,1,1,"13-14"
138,1,1,"14-15"
138,1,1,"15-16"
138,1,1,"16-17"
138,1,1,"17-18"
138,1,1,"18-19"
138,1,1,"19-20"
138,1,1,"20-21"
138,1,1,"6-7"
138,1,1,"7-8"
138,1,1,"8-9"
138,1,1,"9-10"
139,1,1,"10-11"
139,1,1,"11-12"
139,1,1,"12-13"
139,1,1,"13-14"
139,1,1,"14-15"
139,1,1,"15-16"
139,1,1,"16-17"
139,1,1,"17-18"
139,1,1,"18-19"
139,1,1,"19-20"
139,1,1,"20-21"
139,1,1,"6-7"
139,1,1,"7-8"
139,1,1,"8-9"
139,1,1,"9-10"
140,1,1,"10-11"
140,1,1,"11-12"
140,1,1,"12-13"
140,1,1,"13-14"
140,1,1,"14-15"
140,1,1,"15-16"
140,1,1,"16-17"
140,1,1,"17-18"
140,1,1,"18-19"
140,1,1,"19-20"
140,1,1,"20-21"
140,1,1,"6-7"
140,1,1,"7-8"
140,1,1,"8-9"
140,1,1,"9-10"
141,1,1,"10-11"
141,1,1,"11-12"
141,1,1,"12-13"
141,1,1,"13-14"
141,1,1,"14-15"
141,1,1,"15-16"
141,1,1,"16-17"
141,1,1,"17-18"
141,1,1,"18-19"
141,1,1,"19-20"
141,1,1,"20-21"
141,1,1,"6-7"
141,1,1,"7-8"
141,1,1,"8-9"
141,1,1,"9-10"
142,1,1,"10-11"
142,1,1,"11-12"
142,1,1,"12-13"
142,1,1,"13-14"
142,1,1,"14-15"
142,1,1,"15-16"
142,1,1,"16-17"
142,1,1,"17-18"
142,2,2,"18-19"
142,2,2,"19-20"
142,2,2,"20-21"
142,1,1,"6-7"
142,1,1,"7-8"
142,1,1,"8-9"
142,1,1,"9-10"
143,1,1,"10-11"
143,1,1,"11-12"
143,1,1,"12-13"
143,1,1,"13-14"
143,1,1,"14-15"
143,1,1,"15-16"
143,1,1,"16-17"
143,1,1,"17-18"
143,2,2,"18-19"
143,2,2,"19-20"
143,2,2,"20-21"
143,1,1,"6-7"
143,1,1,"7-8"
143,1,1,"8-9"
143,1,1,"9-10"
144,1,1,"10-11"
144,1,1,"11-12"
144,1,1,"12-13"
144,1,1,"13-14"
144,1,1,"14-15"
144,1,1,"15-16"
144,1,1,"16-17"
144,1,1,"17-18"
144,3,3,"18-19"
144,3,3,"19-20"
144,3,3,"20-21"
144,1,1,"6-7"
144,1,1,"7-8"
144,1,1,"8-9"
144,1,1,"9-10"
145,1,1,"10-11"
145,1,1,"11-12"
145,1,1,"12-13"
145,1,1,"13-14"
145,1,1,"14-15"
145,1,1,"15-16"
145,1,1,"16-17"
145,1,1,"17-18"
145,2,2,"18-19"
145,2,2,"19-20"
145,2,2,"20-21"
145,1,1,"6-7"
145,1,1,"7-8"
145,1,1,"8-9"
145,1,1,"9-10"
146,1,1,"10-11"
146,1,1,"11-12"
146,1,1,"12-13"
146,1,1,"13-14"
146,1,1,"14-15"
146,1,1,"15-16"
146,1,1,"16-17"
146,1,1,"17-18"
146,2,2,"18-19"
146,2,2,"19-20"
146,2,2,"20-21"
146,1,1,"6-7"
146,1,1,"7-8"
146,1,1,"8-9"
146,1,1,"9-10"
147,1,1,"10-11"
147,1,1,"11-12"
147,1,1,"12-13"
147,1,1,"13-14"
147,1,1,"14-15"
147,1,1,"15-16"
147,1,1,"16-17"
147,1,1,"17-18"
147,1,1,"18-19"
147,1,1,"19-20"
147,1,1,"20-21"
147,1,1,"6-7"
147,1,1,"7-8"
147,1,1,"8-9"
147,1,1,"9-10"
148,1,1,"10-11"
148,1,1,"11-12"
148,1,1,"12-13"
148,1,1,"13-14"
148,1,1,"14-15"
148,1,1,"15-16"
148,1,1,"16-17"
148,1,1,"17-18"
148,1,1,"18-19"
148,1,1,"19-20"
148,1,1,"20-21"
148,1,1,"6-7"
148,1,1,"7-8"
148,1,1,"8-9"
148,1,1,"9-10"
149,1,1,"10-11"
149,1,1,"11-12"
149,1,1,"12-13"
149,1,1,"13-14"
149,1,1,"14-15"
149,1,1,"15-16"
149,1,1,"16-17"
149,1,1,"17-18"
149,1,1,"18-19"
149,1,1,"19-20"
149,1,1,"20-21"
149,1,1,"6-7"
149,1,1,"7-8"
149,1,1,"8-9"
149,1,1,"9-10"
150,1,1,"10-11"
150,1,1,"11-12"
150,1,1,"12-13"
150,1,1,"13-14"
150,1,1,"14-15"
150,1,1,"15-16"
150,1,1,"16-17"
150,1,1,"17-18"
150,1,1,"18-19"
150,1,1,"19-20"
150,1,1,"20-21"
150,1,1,"6-7"
150,1,1,"7-8"
150,1,1,"8-9"
150,1,1,"9-10"
151,1,1,"10-11"
151,1,1,"11-12"
151,1,1,"12-13"
151,1,1,"13-14"
151,1,1,"14-15"
151,1,1,"15-16"
151,1,1,"16-17"
151,1,1,"17-18"
151,1,1,"18-19"
151,1,1,"19-20"
151,1,1,"20-21"
151,1,1,"6-7"
151,1,1,"7-8"
151,1,1,"8-9"
151,1,1,"9-10"
152,1,1,"10-11"
152,1,1,"11-12"
152,1,1,"12-13"
152,1,1,"13-14"
152,1,1,"14-15"
152,1,1,"15-16"
152,1,1,"16-17"
152,1,1,"17-18"
152,1,1,"18-19"
152,1,1,"19-20"
152,1,1,"20-21"
152,1,1,"6-7"
152,1,1,"7-8"
152,1,1,"8-9"
152,1,1,"9-10"
153,1,1,"10-11"
153,1,1,"11-12"
153,1,1,"12-13"
153,1,1,"13-14"
153,1,1,"14-15"
153,1,1,"15-16"
153,1,1,"16-17"
153,1,1,"17-18"
153,1,1,"18-19"
153,1,1,"19-20"
153,1,1,"20-21"
153,1,1,"6-7"
153,1,1,"7-8"
153,1,1,"8-9"
153,1,1,"9-10"
154,1,1,"10-11"
154,1,1,"11-12"
154,1,1,"12-13"
154,1,1,"13-14"
154,1,1,"14-15"
154,1,1,"15-16"
154,1,1,"16-17"
154,1,1,"17-18"
154,1,1,"18-19"
154,1,1,"19-20"
154,1,1,"20-21"
154,1,1,"6-7"
154,1,1,"7-8"
154,1,1,"8-9"
154,1,1,"9-10"
155,1,1,"10-11"
155,1,1,"11-12"
155,1,1,"12-13"
155,1,1,"13-14"
155,1,1,"14-15"
155,1,1,"15-16"
155,1,1,"16-17"
155,1,1,"17-18"
155,1,1,"18-19"
155,1,1,"19-20"
155,1,1,"20-21"
155,1,1,"6-7"
155,1,1,"7-8"
155,1,1,"8-9"
155,1,1,"9-10"
156,1,1,"10-11"
156,1,1,"11-12"
156,1,1,"12-13"
156,1,1,"13-14"
156,1,1,"14-15"
156,1,1,"15-16"
156,1,1,"16-17"
156,1,1,"17-18"
156,1,1,"18-19"
156,1,1,"19-20"
156,1,1,"20-21"
156,1,1,"6-7"
156,1,1,"7-8"
156,1,1,"8-9"
156,1,1,"9-10"
157,1,1,"10-11"
157,1,1,"11-12"
157,1,1,"12-13"
157,1,1,"13-14"
157,1,1,"14-15"
157,1,1,"15-16"
157,1,1,"16-17"
157,1,1,"17-18"
157,1,1,"18-19"
157,1,1,"19-20"
157,1,1,"20-21"
157,1,1,"6-7"
157,1,1,"7-8"
157,1,1,"8-9"
157,1,1,"9-10"
158,1,1,"10-11"
158,1,1,"11-12"
158,1,1,"12-13"
158,1,1,"13-14"
158,1,1,"14-15"
158,1,1,"15-16"
158,1,1,"16-17"
158,1,1,"17-18"
158,1,1,"18-19"
158,1,1,"19-20"
158,1,1,"20-21"
158,1,1,"6-7"
158,1,1,"7-8"
158,1,1,"8-9"
158,1,1,"9-10"
159,1,1,"10-11"
159,1,1,"11-12"
159,1,1,"12-13"
159,1,1,"13-14"
159,1,1,"14-15"
159,1,1,"15-16"
159,1,1,"16-17"
159,1,1,"17-18"
159,1,1,"18-19"
159,1,1,"19-20"
159,1,1,"20-21"
159,1,1,"6-7"
159,1,1,"7-8"
159,1,1,"8-9"
159,1,1,"9-10"
160,1,1,"10-11"
160,1,1,"11-12"
160,1,1,"12-13"
160,1,1,"13-14"
160,1,1,"14-15"
160,1,1,"15-16"
160,1,1,"16-17"
160,1,1,"17-18"
160,1,1,"18-19"
160,1,1,"19-20"
160,1,1,"20-21"
160,1,1,"6-7"
160,1,1,"7-8"
160,1,1,"8-9"
160,1,1,"9-10"
161,1,1,"10-11"
161,1,1,"11-12"
161,1,1,"12-13"
161,1,1,"13-14"
161,1,1,"14-15"
161,1,1,"15-16"
161,1,1,"16-17"
161,1,1,"17-18"
161,1,1,"18-19"
161,1,1,"19-20"
161,1,1,"20-21"
161,1,1,"6-7"
161,1,1,"7-8"
161,1,1,"8-9"
161,1,1,"9-10"
162,1,1,"10-11"
162,1,1,"11-12"
162,1,1,"12-13"
162,1,1,"13-14"
162,1,1,"14-15"
162,1,1,"15-16"
162,1,1,"16-17"
162,1,1,"17-18"
162,2,2,"18-19"
162,2,2,"19-20"
162,2,2,"20-21"
162,1,1,"6-7"
162,1,1,"7-8"
162,1,1,"8-9"
162,1,1,"9-10"
163,1,1,"10-11"
163,1,1,"11-12"
163,1,1,"12-13"
163,1,1,"13-14"
163,1,1,"14-15"
163,1,1,"15-16"
163,1,1,"16-17"
163,1,1,"17-18"
163,2,2,"18-19"
163,2,2,"19-20"
163,2,2,"20-21"
163,1,1,"6-7"
163,1,1,"7-8"
163,1,1,"8-9"
163,1,1,"9-10"
164,1,1,"10-11"
164,1,1,"11-12"
164,1,1,"12-13"
164,1,1,"13-14"
164,1,1,"14-15"
164,1,1,"15-16"
164,1,1,"16-17"
164,1,1,"17-18"
164,3,3,"18-19"
164,3,3,"19-20"
164,3,3,"20-21"
164,1,1,"6-7"
164,1,1,"7-8"
164,1,1,"8-9"
164,1,1,"9-10"
165,1,1,"10-11"
165,1,1,"11-12"
165,1,1,"12-13"
165,1,1,"13-14"
165,1,1,"14-15"
165,1,1,"15-16"
165,1,1,"16-17"
165,1,1,"17-18"
165,3,3,"18-19"
165,3,3,"19-20"
165,3,3,"20-21"
165,1,1,"6-7"
165,1,1,"7-8"
165,1,1,"8-9"
165,1,1,"9-10"
166,1,1,"10-11"
166,1,1,"11-12"
166,1,1,"12-13"
166,1,1,"13-14"
166,1,1,"14-15"
166,1,1,"15-16"
166,1,1,"16-17"
166,1,1,"17-18"
166,2,2,"18-19"
166,2,2,"19-20"
166,2,2,"20-21"
166,1,1,"6-7"
166,1,1,"7-8"
166,1,1,"8-9"
166,1,1,"9-10"
167,1,1,"10-11"
167,1,1,"11-12"
167,1,1,"12-13"
167,1,1,"13-14"
167,1,1,"14-15"
167,1,1,"15-16"
167,1,1,"16-17"
167,1,1,"17-18"
167,1,1,"18-19"
167,1,1,"19-20"
167,1,1,"20-21"
167,1,1,"6-7"
167,1,1,"7-8"
167,1,1,"8-9"
167,1,1,"9-10"
168,1,1,"10-11"
168,1,1,"11-12"
168,1,1,"12-13"
168,1,1,"13-14"
168,1,1,"14-15"
168,1,1,"15-16"
168,1,1,"16-17"
168,1,1,"17-18"
168,1,1,"18-19"
168,1,1,"19-20"
168,1,1,"20-21"
168,1,1,"6-7"
168,1,1,"7-8"
168,1,1,"8-9"
168,1,1,"9-10"
169,1,1,"10-11"
169,1,1,"11-12"
169,1,1,"12-13"
169,1,1,"13-14"
169,1,1,"14-15"
169,1,1,"15-16"
169,1,1,"16-17"
169,1,1,"17-18"
169,1,1,"18-19"
169,1,1,"19-20"
169,1,1,"20-21"
169,1,1,"6-7"
169,1,1,"7-8"
169,1,1,"8-9"
169,1,1,"9-10"
170,1,1,"10-11"
170,1,1,"11-12"
170,1,1,"12-13"
170,1,1,"13-14"
170,1,1,"14-15"
170,1,1,"15-16"
170,1,1,"16-17"
170,1,1,"17-18"
170,1,1,"18-19"
170,1,1,"19-20"
170,1,1,"20-21"
170,1,1,"6-7"
170,1,1,"7-8"
170,1,1,"8-9"
170,1,1,"9-10"
171,1,1,"10-11"
171,1,1,"11-12"
171,1,1,"12-13"
171,1,1,"13-14"
171,1,1,"14-15"
171,1,1,"15-16"
171,1,1,"16-17"
171,1,1,"17-18"
171,1,1,"18-19"
171,1,1,"19-20"
171,1,1,"20-21"
171,1,1,"6-7"
171,1,1,"7-8"
171,1,1,"8-9"
171,1,1,"9-10"
172,1,1,"10-11"
172,1,1,"11-12"
172,1,1,"12-13"
172,1,1,"13-14"
172,1,1,"14-15"
172,1,1,"15-16"
172,1,1,"16-17"
172,1,1,"17-18"
172,1,1,"18-19"
172,1,1,"19-20"
172,1,1,"20-21"
172,1,1,"6-7"
172,1,1,"7-8"
172,1,1,"8-9"
172,1,1,"9-10"
173,1,1,"10-11"
173,1,1,"11-12"
173,1,1,"12-13"
173,1,1,"13-14"
173,1,1,"14-15"
173,1,1,"15-16"
173,1,1,"16-17"
173,1,1,"17-18"
173,1,1,"18-19"
173,1,1,"19-20"
173,1,1,"20-21"
173,1,1,"6-7"
173,1,1,"7-8"
173,1,1,"8-9"
173,1,1,"9-10"
174,1,1,"10-11"
174,1,1,"11-12"
174,1,1,"12-13"
174,1,1,"13-14"
174,1,1,"14-15"
174,1,1,"15-16"
174,1,1,"16-17"
174,1,1,"17-18"
174,2,2,"18-19"
174,2,2,"19-20"
174,2,2,"20-21"
174,1,1,"6-7"
174,1,1,"7-8"
174,1,1,"8-9"
174,1,1,"9-10"
175,1,1,"10-11"
175,1,1,"11-12"
175,1,1,"12-13"
175,1,1,"13-14"
175,1,1,"14-15"
175,1,1,"15-16"
175,1,1,"16-17"
175,1,1,"17-18"
175,2,2,"18-19"
175,2,2,"19-20"
175,2,2,"20-21"
175,1,1,"6-7"
175,1,1,"7-8"
175,1,1,"8-9"
175,1,1,"9-10"
176,1,1,"10-11"
176,1,1,"11-12"
176,1,1,"12-13"
176,1,1,"13-14"
176,1,1,"14-15"
176,1,1,"15-16"
176,1,1,"16-17"
176,1,1,"17-18"
176,2,2,"18-19"
176,2,2,"19-20"
176,2,2,"20-21"
176,1,1,"6-7"
176,1,1,"7-8"
176,1,1,"8-9"
176,1,1,"9-10"
177,1,1,"10-11"
177,1,1,"11-12"
177,1,1,"12-13"
177,1,1,"13-14"
177,1,1,"14-15"
177,1,1,"15-16"
177,1,1,"16-17"
177,1,1,"17-18"
177,2,2,"18-19"
177,2,2,"19-20"
177,2,2,"20-21"
177,1,1,"6-7"
177,1,1,"7-8"
177,1,1,"8-9"
177,1,1,"9-10"
178,1,1,"10-11"
178,1,1,"11-12"
178,1,1,"12-13"
178,1,1,"13-14"
178,1,1,"14-15"
178,1,1,"15-16"
178,1,1,"16-17"
178,1,1,"17-18"
178,1,1,"18-19"
178,1,1,"19-20"
178,1,1,"20-21"
178,1,1,"6-7"
178,1,1,"7-8"
178,1,1,"8-9"
178,1,1,"9-10"
179,1,1,"10-11"
179,1,1,"11-12"
179,1,1,"12-13"
179,1,1,"13-14"
179,1,1,"14-15"
179,1,1,"15-16"
179,1,1,"16-17"
179,1,1,"17-18"
179,1,1,"18-19"
179,1,1,"19-20"
179,1,1,"20-21"
179,1,1,"6-7"
179,1,1,"7-8"
179,1,1,"8-9"
179,1,1,"9-10"
180,1,1,"10-11"
180,1,1,"11-12"
180,1,1,"12-13"
180,1,1,"13-14"
180,1,1,"14-15"
180,1,1,"15-16"
180,1,1,"16-17"
180,1,1,"17-18"
180,1,1,"18-19"
180,1,1,"19-20"
180,1,1,"20-21"
180,1,1,"6-7"
180,1,1,"7-8"
180,1,1,"8-9"
180,1,1,"9-10"
181,1,1,"10-11"
181,1,1,"11-12"
181,1,1,"12-13"
181,1,1,"13-14"
181,1,1,"14-15"
181,1,1,"15-16"
181,1,1,"16-17"
181,1,1,"17-18"
181,1,1,"18-19"
181,1,1,"19-20"
181,1,1,"20-21"
181,1,1,"6-7"
181,1,1,"7-8"
181,1,1,"8-9"
181,1,1,"9-10"
182,1,1,"10-11"
182,1,1,"11-12"
182,1,1,"12-13"
182,1,1,"13-14"
182,1,1,"14-15"
182,1,1,"15-16"
182,1,1,"16-17"
182,1,1,"17-18"
182,2,2,"18-19"
182,2,2,"19-20"
182,2,2,"20-21"
182,1,1,"6-7"
182,1,1,"7-8"
182,1,1,"8-9"
182,1,1,"9-10"
183,1,1,"10-11"
183,1,1,"11-12"
183,1,1,"12-13"
183,1,1,"13-14"
183,1,1,"14-15"
183,1,1,"15-16"
183,1,1,"16-17"
183,1,1,"17-18"
183,2,2,"18-19"
183,2,2,"19-20"
183,2,2,"20-21"
183,1,1,"6-7"
183,1,1,"7-8"
183,1,1,"8-9"
183,1,1,"9-10"
184,1,1,"10-11"
184,1,1,"11-12"
184,1,1,"12-13"
184,1,1,"13-14"
184,1,1,"14-15"
184,1,1,"15-16"
184,1,1,"16-17"
184,1,1,"17-18"
184,2,2,"18-19"
184,2,2,"19-20"
184,2,2,"20-21"
184,1,1,"6-7"
184,1,1,"7-8"
184,1,1,"8-9"
184,1,1,"9-10"
185,1,1,"10-11"
185,1,1,"11-12"
185,1,1,"12-13"
185,1,1,"13-14"
185,1,1,"14-15"
185,1,1,"15-16"
185,1,1,"16-17"
185,1,1,"17-18"
185,2,2,"18-19"
185,2,2,"19-20"
185,2,2,"20-21"
185,1,1,"6-7"
185,1,1,"7-8"
185,1,1,"8-9"
185,1,1,"9-10"
186,1,1,"10-11"
186,1,1,"11-12"
186,1,1,"12-13"
186,1,1,"13-14"
186,1,1,"14-15"
186,1,1,"15-16"
186,1,1,"16-17"
186,1,1,"17-18"
186,2,2,"18-19"
186,2,2,"19-20"
186,2,2,"20-21"
186,1,1,"6-7"
186,1,1,"7-8"
186,1,1,"8-9"
186,1,1,"9-10"
187,1,1,"10-11"
187,1,1,"11-12"
187,1,1,"12-13"
187,1,1,"13-14"
187,1,1,"14-15"
187,1,1,"15-16"
187,1,1,"16-17"
187,1,1,"17-18"
187,1,1,"18-19"
187,1,1,"19-20"
187,1,1,"20-21"
187,1,1,"6-7"
187,1,1,"7-8"
187,1,1,"8-9"
187,1,1,"9-10"
188,1,1,"10-11"
188,1,1,"11-12"
188,1,1,"12-13"
188,1,1,"13-14"
188,1,1,"14-15"
188,1,1,"15-16"
188,1,1,"16-17"
188,1,1,"17-18"
188,1,1,"18-19"
188,1,1,"19-20"
188,1,1,"20-21"
188,1,1,"6-7"
188,1,1,"7-8"
188,1,1,"8-9"
188,1,1,"9-10"
189,1,1,"10-11"
189,1,1,"11-12"
189,1,1,"12-13"
189,1,1,"13-14"
189,1,1,"14-15"
189,1,1,"15-16"
189,1,1,"16-17"
189,1,1,"17-18"
189,1,1,"18-19"
189,1,1,"19-20"
189,1,1,"20-21"
189,1,1,"6-7"
189,1,1,"7-8"
189,1,1,"8-9"
189,1,1,"9-10"
190,1,1,"10-11"
190,1,1,"11-12"
190,1,1,"12-13"
190,1,1,"13-14"
190,1,1,"14-15"
190,1,1,"15-16"
190,1,1,"16-17"
190,1,1,"17-18"
190,1,1,"18-19"
190,1,1,"19-20"
190,1,1,"20-21"
190,1,1,"6-7"
190,1,1,"7-8"
190,1,1,"8-9"
190,1,1,"9-10"
191,1,1,"10-11"
191,1,1,"11-12"
191,1,1,"12-13"
191,1,1,"13-14"
191,1,1,"14-15"
191,1,1,"15-16"
191,1,1,"16-17"
191,1,1,"17-18"
191,1,1,"18-19"
191,1,1,"19-20"
191,1,1,"20-21"
191,1,1,"6-7"
191,1,1,"7-8"
191,1,1,"8-9"
191,1,1,"9-10"
192,1,1,"10-11"
192,1,1,"11-12"
192,1,1,"12-13"
192,1,1,"13-14"
192,1,1,"14-15"
192,1,1,"15-16"
192,1,1,"16-17"
192,1,1,"17-18"
192,1,1,"18-19"
192,1,1,"19-20"
192,1,1,"20-21"
192,1,1,"6-7"
192,1,1,"7-8"
192,1,1,"8-9"
192,1,1,"9-10"
193,1,1,"10-11"
193,1,1,"11-12"
193,1,1,"12-13"
193,1,1,"13-14"
193,1,1,"14-15"
193,1,1,"15-16"
193,1,1,"16-17"
193,1,1,"17-18"
193,1,1,"18-19"
193,1,1,"19-20"
193,1,1,"20-21"
193,1,1,"6-7"
193,1,1,"7-8"
193,1,1,"8-9"
193,1,1,"9-10"
194,1,1,"10-11"
194,1,1,"11-12"
194,1,1,"12-13"
194,1,1,"13-14"
194,1,1,"14-15"
194,1,1,"15-16"
194,1,1,"16-17"
194,1,1,"17-18"
194,2,2,"18-19"
194,2,2,"19-20"
194,2,2,"20-21"
194,1,1,"6-7"
194,1,1,"7-8"
194,1,1,"8-9"
194,1,1,"9-10"
195,1,1,"10-11"
195,1,1,"11-12"
195,1,1,"12-13"
195,1,1,"13-14"
195,1,1,"14-15"
195,1,1,"15-16"
195,1,1,"16-17"
195,1,1,"17-18"
195,2,2,"18-19"
195,2,2,"19-20"
195,2,2,"20-21"
195,1,1,"6-7"
195,1,1,"7-8"
195,1,1,"8-9"
195,1,1,"9-10"
196,1,1,"10-11"
196,1,1,"11-12"
196,1,1,"12-13"
196,1,1,"13-14"
196,1,1,"14-15"
196,1,1,"15-16"
196,1,1,"16-17"
196,1,1,"17-18"
196,2,2,"18-19"
196,2,2,"19-20"
196,2,2,"20-21"
196,1,1,"6-7"
196,1,1,"7-8"
196,1,1,"8-9"
196,1,1,"9-10"
197,1,1,"10-11"
197,1,1,"11-12"
197,1,1,"12-13"
197,1,1,"13-14"
197,1,1,"14-15"
197,1,1,"15-16"
197,1,1,"16-17"
197,1,1,"17-18"
197,2,2,"18-19"
197,2,2,"19-20"
197,2,2,"20-21"
197,1,1,"6-7"
197,1,1,"7-8"
197,1,1,"8-9"
197,1,1,"9-10"
198,1,1,"10-11"
198,1,1,"11-12"
198,1,1,"12-13"
198,1,1,"13-14"
198,1,1,"14-15"
198,1,1,"15-16"
198,1,1,"16-17"
198,1,1,"17-18"
198,2,2,"18-19"
198,2,2,"19-20"
198,2,2,"20-21"
198,1,1,"6-7"
198,1,1,"7-8"
198,1,1,"8-9"
198,1,1,"9-10"
199,1,1,"10-11"
199,1,1,"11-12"
199,1,1,"12-13"
199,1,1,"13-14"
199,1,1,"14-15"
199,1,1,"15-16"
199,1,1,"16-17"
199,1,1,"17-18"
199,1,1,"18-19"
199,1,1,"19-20"
199,1,1,"20-21"
199,1,1,"6-7"
199,1,1,"7-8"
199,1,1,"8-9"
199,1,1,"9-10"
200,1,1,"10-11"
200,1,1,"11-12"
200,1,1,"12-13"
200,1,1,"13-14"
200,1,1,"14-15"
200,1,1,"15-16"
200,1,1,"16-17"
200,1,1,"17-18"
200,1,1,"18-19"
200,1,1,"19-20"
200,1,1,"20-21"
200,1,1,"6-7"
200,1,1,"7-8"
200,1,1,"8-9"
200,1,1,"9-10"
201,1,1,"10-11"
201,1,1,"11-12"
201,1,1,"12-13"
201,1,1,"13-14"
201,1,1,"14-15"
201,1,1,"15-16"
201,1,1,"16-17"
201,1,1,"17-18"
201,1,1,"18-19"
201,1,1,"19-20"
201,1,1,"20-21"
201,1,1,"6-7"
201,1,1,"7-8"
201,1,1,"8-9"
201,1,1,"9-10"
202,1,1,"10-11"
202,1,1,"11-12"
202,1,1,"12-13"
202,1,1,"13-14"
202,1,1,"14-15"
202,1,1,"15-16"
202,1,1,"16-17"
202,1,1,"17-18"
202,1,1,"18-19"
202,1,1,"19-20"
202,1,1,"20-21"
202,1,1,"6-7"
202,1,1,"7-8"
202,1,1,"8-9"
202,1,1,"9-10"
203,1,1,"10-11"
203,1,1,"11-12"
203,1,1,"12-13"
203,1,1,"13-14"
203,1,1,"14-15"
203,1,1,"15-16"
203,1,1,"16-17"
203,1,1,"17-18"
203,1,1,"18-19"
203,1,1,"19-20"
203,1,1,"20-21"
203,1,1,"6-7"
203,1,1,"7-8"
203,1,1,"8-9"
203,1,1,"9-10"
204,1,1,"10-11"
204,1,1,"11-12"
204,1,1,"12-13"
204,1,1,"13-14"
204,1,1,"14-15"
204,1,1,"15-16"
204,1,1,"16-17"
204,1,1,"17-18"
204,1,1,"18-19"
204,1,1,"19-20"
204,1,1,"20-21"
204,1,1,"6-7"
204,1,1,"7-8"
204,1,1,"8-9"
204,1,1,"9-10"
205,1,1,"10-11"
205,1,1,"11-12"
205,1,1,"12-13"
205,1,1,"13-14"
205,1,1,"14-15"
205,1,1,"15-16"
205,1,1,"16-17"
205,1,1,"17-18"
205,1,1,"18-19"
205,1,1,"19-20"
205,1,1,"20-21"
205,1,1,"6-7"
205,1,1,"7-8"
205,1,1,"8-9"
205,1,1,"9-10"
206,1,1,"10-11"
206,1,1,"11-12"
206,1,1,"12-13"
206,1,1,"13-14"
206,1,1,"14-15"
206,1,1,"15-16"
206,1,1,"16-17"
206,1,1,"17-18"
206,1,1,"18-19"
206,1,1,"19-20"
206,1,1,"20-21"
206,1,1,"6-7"
206,1,1,"7-8"
206,1,1,"8-9"
206,1,1,"9-10"
207,1,1,"10-11"
207,1,1,"11-12"
207,1,1,"12-13"
207,1,1,"13-14"
207,1,1,"14-15"
207,1,1,"15-16"
207,1,1,"16-17"
207,1,1,"17-18"
207,1,1,"18-19"
207,1,1,"19-20"
207,1,1,"20-21"
207,1,1,"6-7"
207,1,1,"7-8"
207,1,1,"8-9"
207,1,1,"9-10"
208,1,1,"10-11"
208,1,1,"11-12"
208,1,1,"12-13"
208,1,1,"13-14"
208,1,1,"14-15"
208,1,1,"15-16"
208,1,1,"16-17"
208,1,1,"17-18"
208,1,1,"18-19"
208,1,1,"19-20"
208,1,1,"20-21"
208,1,1,"6-7"
208,1,1,"7-8"
208,1,1,"8-9"
208,1,1,"9-10"
209,1,1,"10-11"
209,1,1,"11-12"
209,1,1,"12-13"
209,1,1,"13-14"
209,1,1,"14-15"
209,1,1,"15-16"
209,1,1,"16-17"
209,1,1,"17-18"
209,1,1,"18-19"
209,1,1,"19-20"
209,1,1,"20-21"
209,1,1,"6-7"
209,1,1,"7-8"
209,1,1,"8-9"
209,1,1,"9-10"
210,1,1,"10-11"
210,1,1,"11-12"
210,1,1,"12-13"
210,1,1,"13-14"
210,1,1,"14-15"
210,1,1,"15-16"
210,1,1,"16-17"
210,1,1,"17-18"
210,1,1,"18-19"
210,1,1,"19-20"
210,1,1,"20-21"
210,1,1,"6-7"
210,1,1,"7-8"
210,1,1,"8-9"
210,1,1,"9-10"
211,1,1,"10-11"
211,1,1,"11-12"
211,1,1,"12-13"
211,1,1,"13-14"
211,1,1,"14-15"
211,1,1,"15-16"
211,1,1,"16-17"
211,1,1,"17-18"
211,1,1,"18-19"
211,1,1,"19-20"
211,1,1,"20-21"
211,1,1,"6-7"
211,1,1,"7-8"
211,1,1,"8-9"
211,1,1,"9-10"
212,1,1,"10-11"
212,1,1,"11-12"
212,1,1,"12-13"
212,1,1,"13-14"
212,1,1,"14-15"
212,2,2,"15-16"
212,2,2,"16-17"
212,2,2,"17-18"
212,1,1,"18-19"
212,1,1,"19-20"
212,1,1,"20-21"
212,1,1,"6-7"
212,1,1,"7-8"
212,1,1,"8-9"
212,1,1,"9-10"
213,1,1,"10-11"
213,1,1,"11-12"
213,1,1,"12-13"
213,1,1,"13-14"
213,1,1,"14-15"
213,2,2,"15-16"
213,2,2,"16-17"
213,2,2,"17-18"
213,2,2,"18-19"
213,2,2,"19-20"
213,2,2,"20-21"
213,1,1,"6-7"
213,1,1,"7-8"
213,1,1,"8-9"
213,1,1,"9-10"
214,1,1,"10-11"
214,1,1,"11-12"
214,1,1,"12-13"
214,1,1,"13-14"
214,1,1,"14-15"
214,1,1,"15-16"
214,1,1,"16-17"
214,1,1,"17-18"
214,2,2,"18-19"
214,2,2,"19-20"
214,2,2,"20-21"
214,1,1,"6-7"
214,1,1,"7-8"
214,1,1,"8-9"
214,1,1,"9-10"
215,1,1,"10-11"
215,1,1,"11-12"
215,1,1,"12-13"
215,1,1,"13-14"
215,1,1,"14-15"
215,1,1,"15-16"
215,1,1,"16-17"
215,1,1,"17-18"
215,3,3,"18-19"
215,3,3,"19-20"
215,3,3,"20-21"
215,1,1,"6-7"
215,1,1,"7-8"
215,1,1,"8-9"
215,1,1,"9-10"
216,1,1,"10-11"
216,1,1,"11-12"
216,1,1,"12-13"
216,1,1,"13-14"
216,1,1,"14-15"
216,1,1,"15-16"
216,1,1,"16-17"
216,1,1,"17-18"
216,3,3,"18-19"
216,3,3,"19-20"
216,3,3,"20-21"
216,1,1,"6-7"
216,1,1,"7-8"
216,1,1,"8-9"
216,1,1,"9-10"
217,1,1,"10-11"
217,1,1,"11-12"
217,1,1,"12-13"
217,1,1,"13-14"
217,1,1,"14-15"
217,1,1,"15-16"
217,1,1,"16-17"
217,1,1,"17-18"
217,2,2,"18-19"
217,2,2,"19-20"
217,2,2,"20-21"
217,1,1,"6-7"
217,1,1,"7-8"
217,1,1,"8-9"
217,1,1,"9-10"
218,1,1,"10-11"
218,1,1,"11-12"
218,1,1,"12-13"
218,1,1,"13-14"
218,1,1,"14-15"
218,1,1,"15-16"
218,1,1,"16-17"
218,1,1,"17-18"
218,2,2,"18-19"
218,2,2,"19-20"
218,2,2,"20-21"
218,1,1,"6-7"
218,1,1,"7-8"
218,1,1,"8-9"
218,1,1,"9-10"
219,1,1,"10-11"
219,1,1,"11-12"
219,1,1,"12-13"
219,1,1,"13-14"
219,1,1,"14-15"
219,1,1,"15-16"
219,1,1,"16-17"
219,1,1,"17-18"
219,1,1,"18-19"
219,1,1,"19-20"
219,1,1,"20-21"
219,1,1,"6-7"
219,1,1,"7-8"
219,1,1,"8-9"
219,1,1,"9-10"
220,1,1,"10-11"
220,1,1,"11-12"
220,1,1,"12-13"
220,1,1,"13-14"
220,1,1,"14-15"
220,1,1,"15-16"
220,1,1,"16-17"
220,1,1,"17-18"
220,1,1,"18-19"
220,1,1,"19-20"
220,1,1,"20-21"
220,1,1,"6-7"
220,1,1,"7-8"
220,1,1,"8-9"
220,1,1,"9-10"
221,1,1,"10-11"
221,1,1,"11-12"
221,1,1,"12-13"
221,1,1,"13-14"
221,1,1,"14-15"
221,1,1,"15-16"
221,1,1,"16-17"
221,1,1,"17-18"
221,1,1,"18-19"
221,1,1,"19-20"
221,1,1,"20-21"
221,1,1,"6-7"
221,1,1,"7-8"
221,1,1,"8-9"
221,1,1,"9-10"
222,1,1,"10-11"
222,1,1,"11-12"
222,1,1,"12-13"
222,1,1,"13-14"
222,1,1,"14-15"
222,1,1,"15-16"
222,1,1,"16-17"
222,1,1,"17-18"
222,1,1,"18-19"
222,1,1,"19-20"
222,1,1,"20-21"
222,1,1,"6-7"
222,1,1,"7-8"
222,1,1,"8-9"
222,1,1,"9-10"
223,1,1,"10-11"
223,1,1,"11-12"
223,1,1,"12-13"
223,1,1,"13-14"
223,1,1,"14-15"
223,1,1,"15-16"
223,1,1,"16-17"
223,1,1,"17-18"
223,1,1,"18-19"
223,1,1,"19-20"
223,1,1,"20-21"
223,1,1,"6-7"
223,1,1,"7-8"
223,1,1,"8-9"
223,1,1,"9-10"
224,1,1,"10-11"
224,1,1,"11-12"
224,1,1,"12-13"
224,1,1,"13-14"
224,1,1,"14-15"
224,1,1,"15-16"
224,1,1,"16-17"
224,1,1,"17-18"
224,1,1,"18-19"
224,1,1,"19-20"
224,1,1,"20-21"
224,1,1,"6-7"
224,1,1,"7-8"
224,1,1,"8-9"
224,1,1,"9-10"
225,1,1,"10-11"
225,1,1,"11-12"
225,1,1,"12-13"
225,1,1,"13-14"
225,1,1,"14-15"
225,1,1,"15-16"
225,1,1,"16-17"
225,1,1,"17-18"
225,1,1,"18-19"
225,1,1,"19-20"
225,1,1,"20-21"
225,1,1,"6-7"
225,1,1,"7-8"
225,1,1,"8-9"
225,1,1,"9-10"
226,1,1,"10-11"
226,1,1,"11-12"
226,1,1,"12-13"
226,1,1,"13-14"
226,1,1,"14-15"
226,1,1,"15-16"
226,1,1,"16-17"
226,1,1,"17-18"
226,1,1,"18-19"
226,1,1,"19-20"
226,1,1,"20-21"
226,1,1,"6-7"
226,1,1,"7-8"
226,1,1,"8-9"
226,1,1,"9-10"
227,1,1,"10-11"
227,1,1,"11-12"
227,1,1,"12-13"
227,1,1,"13-14"
227,1,1,"14-15"
227,1,1,"15-16"
227,1,1,"16-17"
227,1,1,"17-18"
227,1,1,"18-19"
227,1,1,"19-20"
227,1,1,"20-21"
227,1,1,"6-7"
227,1,1,"7-8"
227,1,1,"8-9"
227,1,1,"9-10"
228,1,1,"10-11"
228,1,1,"11-12"
228,1,1,"12-13"
228,1,1,"13-14"
228,1,1,"14-15"
228,1,1,"15-16"
228,1,1,"16-17"
228,1,1,"17-18"
228,1,1,"18-19"
228,1,1,"19-20"
228,1,1,"20-21"
228,1,1,"6-7"
228,1,1,"7-8"
228,1,1,"8-9"
228,1,1,"9-10"
229,1,1,"10-11"
229,1,1,"11-12"
229,1,1,"12-13"
229,1,1,"13-14"
229,1,1,"14-15"
229,1,1,"15-16"
229,1,1,"16-17"
229,1,1,"17-18"
229,1,1,"18-19"
229,1,1,"19-20"
229,1,1,"20-21"
229,1,1,"6-7"
229,1,1,"7-8"
229,1,1,"8-9"
229,1,1,"9-10"
230,1,1,"10-11"
230,1,1,"11-12"
230,1,1,"12-13"
230,1,1,"13-14"
230,1,1,"14-15"
230,2,2,"15-16"
230,2,2,"16-17"
230,2,2,"17-18"
230,1,1,"18-19"
230,1,1,"19-20"
230,1,1,"20-21"
230,1,1,"6-7"
230,1,1,"7-8"
230,1,1,"8-9"
230,1,1,"9-10"
231,1,1,"10-11"
231,1,1,"11-12"
231,1,1,"12-13"
231,1,1,"13-14"
231,1,1,"14-15"
231,2,2,"15-16"
231,2,2,"16-17"
231,2,2,"17-18"
231,1,1,"18-19"
231,1,1,"19-20"
231,1,1,"20-21"
231,1,1,"6-7"
231,1,1,"7-8"
231,1,1,"8-9"
231,1,1,"9-10"
232,1,1,"10-11"
232,1,1,"11-12"
232,1,1,"12-13"
232,1,1,"13-14"
232,1,1,"14-15"
232,3,3,"15-16"
232,3,3,"16-17"
232,3,3,"17-18"
232,1,1,"18-19"
232,1,1,"19-20"
232,1,1,"20-21"
232,1,1,"6-7"
232,1,1,"7-8"
232,1,1,"8-9"
232,1,1,"9-10"
233,1,1,"10-11"
233,1,1,"11-12"
233,1,1,"12-13"
233,1,1,"13-14"
233,1,1,"14-15"
233,2,2,"15-16"
233,2,2,"16-17"
233,2,2,"17-18"
233,2,2,"18-19"
233,2,2,"19-20"
233,2,2,"20-21"
233,1,1,"6-7"
233,1,1,"7-8"
233,1,1,"8-9"
233,1,1,"9-10"
234,1,1,"10-11"
234,1,1,"11-12"
234,1,1,"12-13"
234,1,1,"13-14"
234,1,1,"14-15"
234,1,1,"15-16"
234,1,1,"16-17"
234,1,1,"17-18"
234,2,2,"18-19"
234,2,2,"19-20"
234,2,2,"20-21"
234,1,1,"6-7"
234,1,1,"7-8"
234,1,1,"8-9"
234,1,1,"9-10"
235,1,1,"10-11"
235,1,1,"11-12"
235,1,1,"12-13"
235,1,1,"13-14"
235,1,1,"14-15"
235,1,1,"15-16"
235,1,1,"16-17"
235,1,1,"17-18"
235,3,3,"18-19"
235,3,3,"19-20"
235,3,3,"20-21"
235,1,1,"6-7"
235,1,1,"7-8"
235,1,1,"8-9"
235,1,1,"9-10"
236,1,1,"10-11"
236,1,1,"11-12"
236,1,1,"12-13"
236,1,1,"13-14"
236,1,1,"14-15"
236,1,1,"15-16"
236,1,1,"16-17"
236,1,1,"17-18"
236,3,3,"18-19"
236,3,3,"19-20"
236,3,3,"20-21"
236,1,1,"6-7"
236,1,1,"7-8"
236,1,1,"8-9"
236,1,1,"9-10"
237,1,1,"10-11"
237,1,1,"11-12"
237,1,1,"12-13"
237,1,1,"13-14"
237,1,1,"14-15"
237,1,1,"15-16"
237,1,1,"16-17"
237,1,1,"17-18"
237,2,2,"18-19"
237,2,2,"19-20"
237,2,2,"20-21"
237,1,1,"6-7"
237,1,1,"7-8"
237,1,1,"8-9"
237,1,1,"9-10"
238,1,1,"10-11"
238,1,1,"11-12"
238,1,1,"12-13"
238,1,1,"13-14"
238,1,1,"14-15"
238,1,1,"15-16"
238,1,1,"16-17"
238,1,1,"17-18"
238,2,2,"18-19"
238,2,2,"19-20"
238,2,2,"20-21"
238,1,1,"6-7"
238,1,1,"7-8"
238,1,1,"8-9"
238,1,1,"9-10"
239,1,1,"10-11"
239,1,1,"11-12"
239,1,1,"12-13"
239,1,1,"13-14"
239,1,1,"14-15"
239,1,1,"15-16"
239,1,1,"16-17"
239,1,1,"17-18"
239,1,1,"18-19"
239,1,1,"19-20"
239,1,1,"20-21"
239,1,1,"6-7"
239,1,1,"7-8"
239,1,1,"8-9"
239,1,1,"9-10"
240,1,1,"10-11"
240,1,1,"11-12"
240,1,1,"12-13"
240,1,1,"13-14"
240,1,1,"14-15"
240,1,1,"15-16"
240,1,1,"16-17"
240,1,1,"17-18"
240,1,1,"18-19"
240,1,1,"19-20"
240,1,1,"20-21"
240,1,1,"6-7"
240,1,1,"7-8"
240,1,1,"8-9"
240,1,1,"9-10"
241,1,1,"10-11"
241,1,1,"11-12"
241,1,1,"12-13"
241,1,1,"13-14"
241,1,1,"14-15"
241,1,1,"15-16"
241,1,1,"16-17"
241,1,1,"17-18"
241,1,1,"18-19"
241,1,1,"19-20"
241,1,1,"20-21"
241,1,1,"6-7"
241,1,1,"7-8"
241,1,1,"8-9"
241,1,1,"9-10"
242,1,1,"10-11"
242,1,1,"11-12"
242,1,1,"12-13"
242,1,1,"13-14"
242,1,1,"14-15"
242,1,1,"15-16"
242,1,1,"16-17"
242,1,1,"17-18"
242,1,1,"18-19"
242,1,1,"19-20"
242,1,1,"20-21"
242,1,1,"6-7"
242,1,1,"7-8"
242,1,1,"8-9"
242,1,1,"9-10"
243,1,1,"10-11"
243,1,1,"11-12"
243,1,1,"12-13"
243,1,1,"13-14"
243,1,1,"14-15"
243,1,1,"15-16"
243,1,1,"16-17"
243,1,1,"17-18"
243,1,1,"18-19"
243,1,1,"19-20"
243,1,1,"20-21"
243,1,1,"6-7"
243,1,1,"7-8"
243,1,1,"8-9"
243,1,1,"9-10"
244,1,1,"10-11"
244,1,1,"11-12"
244,1,1,"12-13"
244,1,1,"13-14"
244,1,1,"14-15"
244,1,1,"15-16"
244,1,1,"16-17"
244,1,1,"17-18"
244,1,1,"18-19"
244,1,1,"19-20"
244,1,1,"20-21"
244,1,1,"6-7"
244,1,1,"7-8"
244,1,1,"8-9"
244,1,1,"9-10"
245,1,1,"10-11"
245,1,1,"11-12"
245,1,1,"12-13"
245,1,1,"13-14"
245,1,1,"14-15"
245,1,1,"15-16"
245,1,1,"16-17"
245,1,1,"17-18"
245,1,1,"18-19"
245,1,1,"19-20"
245,1,1,"20-21"
245,1,1,"6-7"
245,1,1,"7-8"
245,1,1,"8-9"
245,1,1,"9-10"
246,1,1,"10-11"
246,1,1,"11-12"
246,1,1,"12-13"
246,1,1,"13-14"
246,1,1,"14-15"
246,1,1,"15-16"
246,1,1,"16-17"
246,1,1,"17-18"
246,1,1,"18-19"
246,1,1,"19-20"
246,1,1,"20-21"
246,1,1,"6-7"
246,1,1,"7-8"
246,1,1,"8-9"
246,1,1,"9-10"
247,1,1,"10-11"
247,1,1,"11-12"
247,1,1,"12-13"
247,1,1,"13-14"
247,1,1,"14-15"
247,1,1,"15-16"
247,1,1,"16-17"
247,1,1,"17-18"
247,1,1,"18-19"
247,1,1,"19-20"
247,1,1,"20-21"
247,1,1,"6-7"
247,1,1,"7-8"
247,1,1,"8-9"
247,1,1,"9-10"
248,1,1,"10-11"
248,1,1,"11-12"
248,1,1,"12-13"
248,1,1,"13-14"
248,1,1,"14-15"
248,1,1,"15-16"
248,1,1,"16-17"
248,1,1,"17-18"
248,1,1,"18-19"
248,1,1,"19-20"
248,1,1,"20-21"
248,1,1,"6-7"
248,1,1,"7-8"
248,1,1,"8-9"
248,1,1,"9-10"
249,1,1,"10-11"
249,1,1,"11-12"
249,1,1,"12-13"
249,1,1,"13-14"
249,1,1,"14-15"
249,1,1,"15-16"
249,1,1,"16-17"
249,1,1,"17-18"
249,1,1,"18-19"
249,1,1,"19-20"
249,1,1,"20-21"
249,1,1,"6-7"
249,1,1,"7-8"
249,1,1,"8-9"
249,1,1,"9-10"
250,1,1,"10-11"
250,1,1,"11-12"
250,1,1,"12-13"
250,1,1,"13-14"
250,1,1,"14-15"
250,2,2,"15-16"
250,2,2,"16-17"
250,2,2,"17-18"
250,1,1,"18-19"
250,1,1,"19-20"
250,1,1,"20-21"
250,1,1,"6-7"
250,1,1,"7-8"
250,1,1,"8-9"
250,1,1,"9-10"
251,1,1,"10-11"
251,1,1,"11-12"
251,1,1,"12-13"
251,1,1,"13-14"
251,1,1,"14-15"
251,3,3,"15-16"
251,3,3,"16-17"
251,3,3,"17-18"
251,1,1,"18-19"
251,1,1,"19-20"
251,1,1,"20-21"
251,1,1,"6-7"
251,1,1,"7-8"
251,1,1,"8-9"
251,1,1,"9-10"
252,1,1,"10-11"
252,1,1,"11-12"
252,1,1,"12-13"
252,1,1,"13-14"
252,1,1,"14-15"
252,3,3,"15-16"
252,3,3,"16-17"
252,3,3,"17-18"
252,1,1,"18-19"
252,1,1,"19-20"
252,1,1,"20-21"
252,1,1,"6-7"
252,1,1,"7-8"
252,1,1,"8-9"
252,1,1,"9-10"
253,1,1,"10-11"
253,1,1,"11-12"
253,1,1,"12-13"
253,1,1,"13-14"
253,1,1,"14-15"
253,2,2,"15-16"
253,2,2,"16-17"
253,2,2,"17-18"
253,1,1,"18-19"
253,1,1,"19-20"
253,1,1,"20-21"
253,1,1,"6-7"
253,1,1,"7-8"
253,1,1,"8-9"
253,1,1,"9-10"
254,1,1,"10-11"
254,1,1,"11-12"
254,1,1,"12-13"
254,1,1,"13-14"
254,1,1,"14-15"
254,1,1,"15-16"
254,1,1,"16-17"
254,1,1,"17-18"
254,2,2,"18-19"
254,2,2,"19-20"
254,2,2,"20-21"
254,1,1,"6-7"
254,1,1,"7-8"
254,1,1,"8-9"
254,1,1,"9-10"
255,1,1,"10-11"
255,1,1,"11-12"
255,1,1,"12-13"
255,1,1,"13-14"
255,1,1,"14-15"
255,1,1,"15-16"
255,1,1,"16-17"
255,1,1,"17-18"
255,2,2,"18-19"
255,2,2,"19-20"
255,2,2,"20-21"
255,1,1,"6-7"
255,1,1,"7-8"
255,1,1,"8-9"
255,1,1,"9-10"
256,1,1,"10-11"
256,1,1,"11-12"
256,1,1,"12-13"
256,1,1,"13-14"
256,1,1,"14-15"
256,1,1,"15-16"
256,1,1,"16-17"
256,1,1,"17-18"
256,2,2,"18-19"
256,2,2,"19-20"
256,2,2,"20-21"
256,1,1,"6-7"
256,1,1,"7-8"
256,1,1,"8-9"
256,1,1,"9-10"
257,1,1,"10-11"
257,1,1,"11-12"
257,1,1,"12-13"
257,1,1,"13-14"
257,1,1,"14-15"
257,1,1,"15-16"
257,1,1,"16-17"
257,1,1,"17-18"
257,2,2,"18-19"
257,2,2,"19-20"
257,2,2,"20-21"
257,1,1,"6-7"
257,1,1,"7-8"
257,1,1,"8-9"
257,1,1,"9-10"
258,1,1,"10-11"
258,1,1,"11-12"
258,1,1,"12-13"
258,1,1,"13-14"
258,1,1,"14-15"
258,1,1,"15-16"
258,1,1,"16-17"
258,1,1,"17-18"
258,2,2,"18-19"
258,2,2,"19-20"
258,2,2,"20-21"
258,1,1,"6-7"
258,1,1,"7-8"
258,1,1,"8-9"
258,1,1,"9-10"
259,1,1,"10-11"
259,1,1,"11-12"
259,1,1,"12-13"
259,1,1,"13-14"
259,1,1,"14-15"
259,1,1,"15-16"
259,1,1,"16-17"
259,1,1,"17-18"
259,1,1,"18-19"
259,1,1,"19-20"
259,1,1,"20-21"
259,1,1,"6-7"
259,1,1,"7-8"
259,1,1,"8-9"
259,1,1,"9-10"
260,1,1,"10-11"
260,1,1,"11-12"
260,1,1,"12-13"
260,1,1,"13-14"
260,1,1,"14-15"
260,1,1,"15-16"
260,1,1,"16-17"
260,1,1,"17-18"
260,1,1,"18-19"
260,1,1,"19-20"
260,1,1,"20-21"
260,1,1,"6-7"
260,1,1,"7-8"
260,1,1,"8-9"
260,1,1,"9-10"
261,1,1,"10-11"
261,1,1,"11-12"
261,1,1,"12-13"
261,1,1,"13-14"
261,1,1,"14-15"
261,1,1,"15-16"
261,1,1,"16-17"
261,1,1,"17-18"
261,1,1,"18-19"
261,1,1,"19-20"
261,1,1,"20-21"
261,1,1,"6-7"
261,1,1,"7-8"
261,1,1,"8-9"
261,1,1,"9-10"
262,1,1,"10-11"
262,1,1,"11-12"
262,1,1,"12-13"
262,1,1,"13-14"
262,1,1,"14-15"
262,1,1,"15-16"
262,1,1,"16-17"
262,1,1,"17-18"
262,1,1,"18-19"
262,1,1,"19-20"
262,1,1,"20-21"
262,1,1,"6-7"
262,1,1,"7-8"
262,1,1,"8-9"
262,1,1,"9-10"
263,1,1,"10-11"
263,1,1,"11-12"
263,1,1,"12-13"
263,1,1,"13-14"
263,1,1,"14-15"
263,1,1,"15-16"
263,1,1,"16-17"
263,1,1,"17-18"
263,1,1,"18-19"
263,1,1,"19-20"
263,1,1,"20-21"
263,2,2,"6-7"
263,2,2,"7-8"
263,2,2,"8-9"
263,1,1,"9-10"
264,1,1,"10-11"
264,1,1,"11-12"
264,1,1,"12-13"
264,1,1,"13-14"
264,1,1,"14-15"
264,1,1,"15-16"
264,1,1,"16-17"
264,1,1,"17-18"
264,1,1,"18-19"
264,1,1,"19-20"
264,1,1,"20-21"
264,2,2,"6-7"
264,2,2,"7-8"
264,2,2,"8-9"
264,1,1,"9-10"
265,1,1,"10-11"
265,1,1,"11-12"
265,1,1,"12-13"
265,1,1,"13-14"
265,1,1,"14-15"
265,1,1,"15-16"
265,1,1,"16-17"
265,1,1,"17-18"
265,1,1,"18-19"
265,1,1,"19-20"
265,1,1,"20-21"
265,1,1,"6-7"
265,1,1,"7-8"
265,1,1,"8-9"
265,1,1,"9-10"
266,1,1,"10-11"
266,1,1,"11-12"
266,1,1,"12-13"
266,1,1,"13-14"
266,1,1,"14-15"
266,1,1,"15-16"
266,1,1,"16-17"
266,1,1,"17-18"
266,1,1,"18-19"
266,1,1,"19-20"
266,1,1,"20-21"
266,1,1,"6-7"
266,1,1,"7-8"
266,1,1,"8-9"
266,1,1,"9-10"
267,1,1,"10-11"
267,1,1,"11-12"
267,1,1,"12-13"
267,1,1,"13-14"
267,1,1,"14-15"
267,1,1,"15-16"
267,1,1,"16-17"
267,1,1,"17-18"
267,1,1,"18-19"
267,1,1,"19-20"
267,1,1,"20-21"
267,1,1,"6-7"
267,1,1,"7-8"
267,1,1,"8-9"
267,1,1,"9-10"
268,1,1,"10-11"
268,1,1,"11-12"
268,1,1,"12-13"
268,1,1,"13-14"
268,1,1,"14-15"
268,1,1,"15-16"
268,1,1,"16-17"
268,1,1,"17-18"
268,1,1,"18-19"
268,1,1,"19-20"
268,1,1,"20-21"
268,1,1,"6-7"
268,1,1,"7-8"
268,1,1,"8-9"
268,1,1,"9-10"
269,1,1,"10-11"
269,1,1,"11-12"
269,1,1,"12-13"
269,1,1,"13-14"
269,1,1,"14-15"
269,1,1,"15-16"
269,1,1,"16-17"
269,1,1,"17-18"
269,1,1,"18-19"
269,1,1,"19-20"
269,1,1,"20-21"
269,1,1,"6-7"
269,1,1,"7-8"
269,1,1,"8-9"
269,1,1,"9-10"
270,1,1,"10-11"
270,1,1,"11-12"
270,1,1,"12-13"
270,1,1,"13-14"
270,1,1,"14-15"
270,1,1,"15-16"
270,1,1,"16-17"
270,1,1,"17-18"
270,1,1,"18-19"
270,1,1,"19-20"
270,1,1,"20-21"
270,1,1,"6-7"
270,1,1,"7-8"
270,1,1,"8-9"
270,1,1,"9-10"
271,1,1,"10-11"
271,1,1,"11-12"
271,1,1,"12-13"
271,1,1,"13-14"
271,1,1,"14-15"
271,2,2,"15-16"
271,2,2,"16-17"
271,2,2,"17-18"
271,1,1,"18-19"
271,1,1,"19-20"
271,1,1,"20-21"
271,1,1,"6-7"
271,1,1,"7-8"
271,1,1,"8-9"
271,1,1,"9-10"
272,1,1,"10-11"
272,1,1,"11-12"
272,1,1,"12-13"
272,1,1,"13-14"
272,1,1,"14-15"
272,2,2,"15-16"
272,2,2,"16-17"
272,2,2,"17-18"
272,1,1,"18-19"
272,1,1,"19-20"
272,1,1,"20-21"
272,1,1,"6-7"
272,1,1,"7-8"
272,1,1,"8-9"
272,1,1,"9-10"
273,1,1,"10-11"
273,1,1,"11-12"
273,1,1,"12-13"
273,1,1,"13-14"
273,1,1,"14-15"
273,2,2,"15-16"
273,2,2,"16-17"
273,2,2,"17-18"
273,1,1,"18-19"
273,1,1,"19-20"
273,1,1,"20-21"
273,1,1,"6-7"
273,1,1,"7-8"
273,1,1,"8-9"
273,1,1,"9-10"
274,1,1,"10-11"
274,1,1,"11-12"
274,1,1,"12-13"
274,1,1,"13-14"
274,1,1,"14-15"
274,1,1,"15-16"
274,1,1,"16-17"
274,1,1,"17-18"
274,1,1,"18-19"
274,1,1,"19-20"
274,1,1,"20-21"
274,1,1,"6-7"
274,1,1,"7-8"
274,1,1,"8-9"
274,1,1,"9-10"
275,1,1,"10-11"
275,1,1,"11-12"
275,1,1,"12-13"
275,1,1,"13-14"
275,1,1,"14-15"
275,1,1,"15-16"
275,1,1,"16-17"
275,1,1,"17-18"
275,2,2,"18-19"
275,2,2,"19-20"
275,2,2,"20-21"
275,1,1,"6-7"
275,1,1,"7-8"
275,1,1,"8-9"
275,1,1,"9-10"
276,1,1,"10-11"
276,1,1,"11-12"
276,1,1,"12-13"
276,1,1,"13-14"
276,1,1,"14-15"
276,1,1,"15-16"
276,1,1,"16-17"
276,1,1,"17-18"
276,2,2,"18-19"
276,2,2,"19-20"
276,2,2,"20-21"
276,1,1,"6-7"
276,1,1,"7-8"
276,1,1,"8-9"
276,1,1,"9-10"
277,1,1,"10-11"
277,1,1,"11-12"
277,1,1,"12-13"
277,1,1,"13-14"
277,1,1,"14-15"
277,1,1,"15-16"
277,1,1,"16-17"
277,1,1,"17-18"
277,1,1,"18-19"
277,1,1,"19-20"
277,1,1,"20-21"
277,1,1,"6-7"
277,1,1,"7-8"
277,1,1,"8-9"
277,1,1,"9-10"
278,1,1,"10-11"
278,1,1,"11-12"
278,1,1,"12-13"
278,1,1,"13-14"
278,1,1,"14-15"
278,1,1,"15-16"
278,1,1,"16-17"
278,1,1,"17-18"
278,1,1,"18-19"
278,1,1,"19-20"
278,1,1,"20-21"
278,1,1,"6-7"
278,1,1,"7-8"
278,1,1,"8-9"
278,1,1,"9-10"
279,1,1,"10-11"
279,1,1,"11-12"
279,1,1,"12-13"
279,1,1,"13-14"
279,1,1,"14-15"
279,1,1,"15-16"
279,1,1,"16-17"
279,1,1,"17-18"
279,1,1,"18-19"
279,1,1,"19-20"
279,1,1,"20-21"
279,1,1,"6-7"
279,1,1,"7-8"
279,1,1,"8-9"
279,1,1,"9-10"
280,1,1,"10-11"
280,1,1,"11-12"
280,1,1,"12-13"
280,1,1,"13-14"
280,1,1,"14-15"
280,1,1,"15-16"
280,1,1,"16-17"
280,1,1,"17-18"
280,1,1,"18-19"
280,1,1,"19-20"
280,1,1,"20-21"
280,1,1,"6-7"
280,1,1,"7-8"
280,1,1,"8-9"
280,1,1,"9-10"
281,1,1,"10-11"
281,1,1,"11-12"
281,1,1,"12-13"
281,1,1,"13-14"
281,1,1,"14-15"
281,1,1,"15-16"
281,1,1,"16-17"
281,1,1,"17-18"
281,1,1,"18-19"
281,1,1,"19-20"
281,1,1,"20-21"
281,1,1,"6-7"
281,1,1,"7-8"
281,1,1,"8-9"
281,1,1,"9-10"
282,1,1,"10-11"
282,1,1,"11-12"
282,1,1,"12-13"
282,1,1,"13-14"
282,1,1,"14-15"
282,1,1,"15-16"
282,1,1,"16-17"
282,1,1,"17-18"
282,1,1,"18-19"
282,1,1,"19-20"
282,1,1,"20-21"
282,1,1,"6-7"
282,1,1,"7-8"
282,1,1,"8-9"
282,1,1,"9-10"
283,1,1,"10-11"
283,1,1,"11-12"
283,1,1,"12-13"
283,1,1,"13-14"
283,1,1,"14-15"
283,1,1,"15-16"
283,1,1,"16-17"
283,1,1,"17-18"
283,1,1,"18-19"
283,1,1,"19-20"
283,1,1,"20-21"
283,2,2,"6-7"
283,2,2,"7-8"
283,2,2,"8-9"
283,1,1,"9-10"
284,1,1,"10-11"
284,1,1,"11-12"
284,1,1,"12-13"
284,1,1,"13-14"
284,1,1,"14-15"
284,1,1,"15-16"
284,1,1,"16-17"
284,1,1,"17-18"
284,1,1,"18-19"
284,1,1,"19-20"
284,1,1,"20-21"
284,2,2,"6-7"
284,2,2,"7-8"
284,2,2,"8-9"
284,1,1,"9-10"
285,1,1,"10-11"
285,1,1,"11-12"
285,1,1,"12-13"
285,1,1,"13-14"
285,1,1,"14-15"
285,1,1,"15-16"
285,1,1,"16-17"
285,1,1,"17-18"
285,1,1,"18-19"
285,1,1,"19-20"
285,1,1,"20-21"
285,2,2,"6-7"
285,2,2,"7-8"
285,2,2,"8-9"
285,1,1,"9-10"
286,1,1,"10-11"
286,1,1,"11-12"
286,1,1,"12-13"
286,1,1,"13-14"
286,1,1,"14-15"
286,1,1,"15-16"
286,1,1,"16-17"
286,1,1,"17-18"
286,1,1,"18-19"
286,1,1,"19-20"
286,1,1,"20-21"
286,2,2,"6-7"
286,2,2,"7-8"
286,2,2,"8-9"
286,1,1,"9-10"
287,1,1,"10-11"
287,1,1,"11-12"
287,1,1,"12-13"
287,1,1,"13-14"
287,1,1,"14-15"
287,1,1,"15-16"
287,1,1,"16-17"
287,1,1,"17-18"
287,1,1,"18-19"
287,1,1,"19-20"
287,1,1,"20-21"
287,1,1,"6-7"
287,1,1,"7-8"
287,1,1,"8-9"
287,1,1,"9-10"
288,1,1,"10-11"
288,1,1,"11-12"
288,1,1,"12-13"
288,1,1,"13-14"
288,1,1,"14-15"
288,1,1,"15-16"
288,1,1,"16-17"
288,1,1,"17-18"
288,1,1,"18-19"
288,1,1,"19-20"
288,1,1,"20-21"
288,1,1,"6-7"
288,1,1,"7-8"
288,1,1,"8-9"
288,1,1,"9-10"
289,1,1,"10-11"
289,1,1,"11-12"
289,1,1,"12-13"
289,1,1,"13-14"
289,1,1,"14-15"
289,1,1,"15-16"
289,1,1,"16-17"
289,1,1,"17-18"
289,1,1,"18-19"
289,1,1,"19-20"
289,1,1,"20-21"
289,1,1,"6-7"
289,1,1,"7-8"
289,1,1,"8-9"
289,1,1,"9-10"
290,1,1,"10-11"
290,1,1,"11-12"
290,1,1,"12-13"
290,1,1,"13-14"
290,1,1,"14-15"
290,1,1,"15-16"
290,1,1,"16-17"
290,1,1,"17-18"
290,1,1,"18-19"
290,1,1,"19-20"
290,1,1,"20-21"
290,1,1,"6-7"
290,1,1,"7-8"
290,1,1,"8-9"
290,1,1,"9-10"
291,1,1,"10-11"
291,1,1,"11-12"
291,1,1,"12-13"
291,1,1,"13-14"
291,1,1,"14-15"
291,1,1,"15-16"
291,1,1,"16-17"
291,1,1,"17-18"
291,1,1,"18-19"
291,1,1,"19-20"
291,1,1,"20-21"
291,1,1,"6-7"
291,1,1,"7-8"
291,1,1,"8-9"
291,1,1,"9-10"
292,1,1,"10-11"
292,1,1,"11-12"
292,1,1,"12-13"
292,1,1,"13-14"
292,1,1,"14-15"
292,2,2,"15-16"
292,2,2,"16-17"
292,2,2,"17-18"
292,1,1,"18-19"
292,1,1,"19-20"
292,1,1,"20-21"
292,1,1,"6-7"
292,1,1,"7-8"
292,1,1,"8-9"
292,1,1,"9-10"
293,1,1,"10-11"
293,1,1,"11-12"
293,1,1,"12-13"
293,1,1,"13-14"
293,1,1,"14-15"
293,1,1,"15-16"
293,1,1,"16-17"
293,1,1,"17-18"
293,1,1,"18-19"
293,1,1,"19-20"
293,1,1,"20-21"
293,1,1,"6-7"
293,1,1,"7-8"
293,1,1,"8-9"
293,1,1,"9-10"
294,1,1,"10-11"
294,1,1,"11-12"
294,1,1,"12-13"
294,1,1,"13-14"
294,1,1,"14-15"
294,1,1,"15-16"
294,1,1,"16-17"
294,1,1,"17-18"
294,1,1,"18-19"
294,1,1,"19-20"
294,1,1,"20-21"
294,1,1,"6-7"
294,1,1,"7-8"
294,1,1,"8-9"
294,1,1,"9-10"
295,1,1,"10-11"
295,1,1,"11-12"
295,1,1,"12-13"
295,1,1,"13-14"
295,1,1,"14-15"
295,1,1,"15-16"
295,1,1,"16-17"
295,1,1,"17-18"
295,1,1,"18-19"
295,1,1,"19-20"
295,1,1,"20-21"
295,1,1,"6-7"
295,1,1,"7-8"
295,1,1,"8-9"
295,1,1,"9-10"
296,1,1,"10-11"
296,1,1,"11-12"
296,1,1,"12-13"
296,1,1,"13-14"
296,1,1,"14-15"
296,1,1,"15-16"
296,1,1,"16-17"
296,1,1,"17-18"
296,1,1,"18-19"
296,1,1,"19-20"
296,1,1,"20-21"
296,1,1,"6-7"
296,1,1,"7-8"
296,1,1,"8-9"
296,1,1,"9-10"
297,1,1,"10-11"
297,1,1,"11-12"
297,1,1,"12-13"
297,1,1,"13-14"
297,1,1,"14-15"
297,1,1,"15-16"
297,1,1,"16-17"
297,1,1,"17-18"
297,1,1,"18-19"
297,1,1,"19-20"
297,1,1,"20-21"
297,1,1,"6-7"
297,1,1,"7-8"
297,1,1,"8-9"
297,1,1,"9-10"
298,1,1,"10-11"
298,1,1,"11-12"
298,1,1,"12-13"
298,1,1,"13-14"
298,1,1,"14-15"
298,1,1,"15-16"
298,1,1,"16-17"
298,1,1,"17-18"
298,1,1,"18-19"
298,1,1,"19-20"
298,1,1,"20-21"
298,1,1,"6-7"
298,1,1,"7-8"
298,1,1,"8-9"
298,1,1,"9-10"
299,1,1,"10-11"
299,1,1,"11-12"
299,1,1,"12-13"
299,1,1,"13-14"
299,1,1,"14-15"
299,1,1,"15-16"
299,1,1,"16-17"
299,1,1,"17-18"
299,1,1,"18-19"
299,1,1,"19-20"
299,1,1,"20-21"
299,1,1,"6-7"
299,1,1,"7-8"
299,1,1,"8-9"
299,1,1,"9-10"
300,1,1,"10-11"
300,1,1,"11-12"
300,1,1,"12-13"
300,1,1,"13-14"
300,1,1,"14-15"
300,1,1,"15-16"
300,1,1,"16-17"
300,1,1,"17-18"
300,1,1,"18-19"
300,1,1,"19-20"
300,1,1,"20-21"
300,1,1,"6-7"
300,1,1,"7-8"
300,1,1,"8-9"
300,1,1,"9-10"
301,1,1,"10-11"
301,1,1,"11-12"
301,1,1,"12-13"
301,1,1,"13-14"
301,1,1,"14-15"
301,1,1,"15-16"
301,1,1,"16-17"
301,1,1,"17-18"
301,1,1,"18-19"
301,1,1,"19-20"
301,1,1,"20-21"
301,1,1,"6-7"
301,1,1,"7-8"
301,1,1,"8-9"
301,1,1,"9-10"
302,1,1,"10-11"
302,1,1,"11-12"
302,1,1,"12-13"
302,1,1,"13-14"
302,1,1,"14-15"
302,1,1,"15-16"
302,1,1,"16-17"
302,1,1,"17-18"
302,1,1,"18-19"
302,1,1,"19-20"
302,1,1,"20-21"
302,1,1,"6-7"
302,1,1,"7-8"
302,1,1,"8-9"
302,1,1,"9-10"
303,1,1,"10-11"
303,1,1,"11-12"
303,1,1,"12-13"
303,1,1,"13-14"
303,1,1,"14-15"
303,1,1,"15-16"
303,1,1,"16-17"
303,1,1,"17-18"
303,1,1,"18-19"
303,1,1,"19-20"
303,1,1,"20-21"
303,2,2,"6-7"
303,2,2,"7-8"
303,2,2,"8-9"
303,1,1,"9-10"
304,1,1,"10-11"
304,1,1,"11-12"
304,1,1,"12-13"
304,1,1,"13-14"
304,1,1,"14-15"
304,1,1,"15-16"
304,1,1,"16-17"
304,1,1,"17-18"
304,1,1,"18-19"
304,1,1,"19-20"
304,1,1,"20-21"
304,2,2,"6-7"
304,2,2,"7-8"
304,2,2,"8-9"
304,1,1,"9-10"
305,1,1,"10-11"
305,1,1,"11-12"
305,1,1,"12-13"
305,1,1,"13-14"
305,1,1,"14-15"
305,1,1,"15-16"
305,1,1,"16-17"
305,1,1,"17-18"
305,1,1,"18-19"
305,1,1,"19-20"
305,1,1,"20-21"
305,3,2,"6-7"
305,3,2,"7-8"
305,3,2,"8-9"
305,1,1,"9-10"
306,1,1,"10-11"
306,1,1,"11-12"
306,1,1,"12-13"
306,1,1,"13-14"
306,1,1,"14-15"
306,1,1,"15-16"
306,1,1,"16-17"
306,1,1,"17-18"
306,1,1,"18-19"
306,1,1,"19-20"
306,1,1,"20-21"
306,2,2,"6-7"
306,2,2,"7-8"
306,2,2,"8-9"
306,1,1,"9-10"
307,1,1,"10-11"
307,1,1,"11-12"
307,1,1,"12-13"
307,1,1,"13-14"
307,1,1,"14-15"
307,1,1,"15-16"
307,1,1,"16-17"
307,1,1,"17-18"
307,1,1,"18-19"
307,1,1,"19-20"
307,1,1,"20-21"
307,2,2,"6-7"
307,2,2,"7-8"
307,2,2,"8-9"
307,1,1,"9-10"
308,1,1,"10-11"
308,1,1,"11-12"
308,1,1,"12-13"
308,1,1,"13-14"
308,1,1,"14-15"
308,1,1,"15-16"
308,1,1,"16-17"
308,1,1,"17-18"
308,1,1,"18-19"
308,1,1,"19-20"
308,1,1,"20-21"
308,1,1,"6-7"
308,1,1,"7-8"
308,1,1,"8-9"
308,1,1,"9-10"
309,1,1,"10-11"
309,1,1,"11-12"
309,1,1,"12-13"
309,1,1,"13-14"
309,1,1,"14-15"
309,1,1,"15-16"
309,1,1,"16-17"
309,1,1,"17-18"
309,1,1,"18-19"
309,1,1,"19-20"
309,1,1,"20-21"
309,1,1,"6-7"
309,1,1,"7-8"
309,1,1,"8-9"
309,1,1,"9-10"
310,1,1,"10-11"
310,1,1,"11-12"
310,1,1,"12-13"
310,1,1,"13-14"
310,1,1,"14-15"
310,1,1,"15-16"
310,1,1,"16-17"
310,1,1,"17-18"
310,1,1,"18-19"
310,1,1,"19-20"
310,1,1,"20-21"
310,1,1,"6-7"
310,1,1,"7-8"
310,1,1,"8-9"
310,1,1,"9-10"
311,1,1,"10-11"
311,1,1,"11-12"
311,1,1,"12-13"
311,1,1,"13-14"
311,1,1,"14-15"
311,1,1,"15-16"
311,1,1,"16-17"
311,1,1,"17-18"
311,1,1,"18-19"
311,1,1,"19-20"
311,1,1,"20-21"
311,1,1,"6-7"
311,1,1,"7-8"
311,1,1,"8-9"
311,1,1,"9-10"
312,1,1,"10-11"
312,1,1,"11-12"
312,1,1,"12-13"
312,1,1,"13-14"
312,1,1,"14-15"
312,1,1,"15-16"
312,1,1,"16-17"
312,1,1,"17-18"
312,1,1,"18-19"
312,1,1,"19-20"
312,1,1,"20-21"
312,1,1,"6-7"
312,1,1,"7-8"
312,1,1,"8-9"
312,1,1,"9-10"
313,1,1,"10-11"
313,1,1,"11-12"
313,1,1,"12-13"
313,1,1,"13-14"
313,1,1,"14-15"
313,1,1,"15-16"
313,1,1,"16-17"
313,1,1,"17-18"
313,1,1,"18-19"
313,1,1,"19-20"
313,1,1,"20-21"
313,1,1,"6-7"
313,1,1,"7-8"
313,1,1,"8-9"
313,1,1,"9-10"
314,1,1,"10-11"
314,1,1,"11-12"
314,1,1,"12-13"
314,1,1,"13-14"
314,1,1,"14-15"
314,1,1,"15-16"
314,1,1,"16-17"
314,1,1,"17-18"
314,1,1,"18-19"
314,1,1,"19-20"
314,1,1,"20-21"
314,1,1,"6-7"
314,1,1,"7-8"
314,1,1,"8-9"
314,1,1,"9-10"
315,1,1,"10-11"
315,1,1,"11-12"
315,1,1,"12-13"
315,1,1,"13-14"
315,1,1,"14-15"
315,1,1,"15-16"
315,1,1,"16-17"
315,1,1,"17-18"
315,1,1,"18-19"
315,1,1,"19-20"
315,1,1,"20-21"
315,1,1,"6-7"
315,1,1,"7-8"
315,1,1,"8-9"
315,1,1,"9-10"
316,1,1,"10-11"
316,1,1,"11-12"
316,1,1,"12-13"
316,1,1,"13-14"
316,1,1,"14-15"
316,1,1,"15-16"
316,1,1,"16-17"
316,1,1,"17-18"
316,1,1,"18-19"
316,1,1,"19-20"
316,1,1,"20-21"
316,1,1,"6-7"
316,1,1,"7-8"
316,1,1,"8-9"
316,1,1,"9-10"
317,1,1,"10-11"
317,1,1,"11-12"
317,1,1,"12-13"
317,1,1,"13-14"
317,1,1,"14-15"
317,1,1,"15-16"
317,1,1,"16-17"
317,1,1,"17-18"
317,1,1,"18-19"
317,1,1,"19-20"
317,1,1,"20-21"
317,1,1,"6-7"
317,1,1,"7-8"
317,1,1,"8-9"
317,1,1,"9-10"
318,1,1,"10-11"
318,1,1,"11-12"
318,1,1,"12-13"
318,1,1,"13-14"
318,1,1,"14-15"
318,1,1,"15-16"
318,1,1,"16-17"
318,1,1,"17-18"
318,1,1,"18-19"
318,1,1,"19-20"
318,1,1,"20-21"
318,1,1,"6-7"
318,1,1,"7-8"
318,1,1,"8-9"
318,1,1,"9-10"
319,1,1,"10-11"
319,1,1,"11-12"
319,1,1,"12-13"
319,1,1,"13-14"
319,1,1,"14-15"
319,1,1,"15-16"
319,1,1,"16-17"
319,1,1,"17-18"
319,1,1,"18-19"
319,1,1,"19-20"
319,1,1,"20-21"
319,1,1,"6-7"
319,1,1,"7-8"
319,1,1,"8-9"
319,1,1,"9-10"
320,1,1,"10-11"
320,1,1,"11-12"
320,1,1,"12-13"
320,1,1,"13-14"
320,1,1,"14-15"
320,1,1,"15-16"
320,1,1,"16-17"
320,1,1,"17-18"
320,1,1,"18-19"
320,1,1,"19-20"
320,1,1,"20-21"
320,1,1,"6-7"
320,1,1,"7-8"
320,1,1,"8-9"
320,1,1,"9-10"
321,1,1,"10-11"
321,1,1,"11-12"
321,1,1,"12-13"
321,1,1,"13-14"
321,1,1,"14-15"
321,1,1,"15-16"
321,1,1,"16-17"
321,1,1,"17-18"
321,1,1,"18-19"
321,1,1,"19-20"
321,1,1,"20-21"
321,1,1,"6-7"
321,1,1,"7-8"
321,1,1,"8-9"
321,1,1,"9-10"
322,1,1,"10-11"
322,1,1,"11-12"
322,1,1,"12-13"
322,1,1,"13-14"
322,1,1,"14-15"
322,1,1,"15-16"
322,1,1,"16-17"
322,1,1,"17-18"
322,1,1,"18-19"
322,1,1,"19-20"
322,1,1,"20-21"
322,1,1,"6-7"
322,1,1,"7-8"
322,1,1,"8-9"
322,1,1,"9-10"
323,1,1,"10-11"
323,1,1,"11-12"
323,1,1,"12-13"
323,1,1,"13-14"
323,1,1,"14-15"
323,1,1,"15-16"
323,1,1,"16-17"
323,1,1,"17-18"
323,1,1,"18-19"
323,1,1,"19-20"
323,1,1,"20-21"
323,2,2,"6-7"
323,2,2,"7-8"
323,2,2,"8-9"
323,1,1,"9-10"
324,1,1,"10-11"
324,1,1,"11-12"
324,1,1,"12-13"
324,1,1,"13-14"
324,1,1,"14-15"
324,1,1,"15-16"
324,1,1,"16-17"
324,1,1,"17-18"
324,1,1,"18-19"
324,1,1,"19-20"
324,1,1,"20-21"
324,2,2,"6-7"
324,2,2,"7-8"
324,2,2,"8-9"
324,1,1,"9-10"
325,1,1,"10-11"
325,1,1,"11-12"
325,1,1,"12-13"
325,1,1,"13-14"
325,1,1,"14-15"
325,1,1,"15-16"
325,1,1,"16-17"
325,1,1,"17-18"
325,1,1,"18-19"
325,1,1,"19-20"
325,1,1,"20-21"
325,2,2,"6-7"
325,2,2,"7-8"
325,2,2,"8-9"
325,1,1,"9-10"
326,1,1,"10-11"
326,1,1,"11-12"
326,1,1,"12-13"
326,1,1,"13-14"
326,1,1,"14-15"
326,1,1,"15-16"
326,1,1,"16-17"
326,1,1,"17-18"
326,1,1,"18-19"
326,1,1,"19-20"
326,1,1,"20-21"
326,2,2,"6-7"
326,2,2,"7-8"
326,2,2,"8-9"
326,1,1,"9-10"
327,1,1,"10-11"
327,1,1,"11-12"
327,1,1,"12-13"
327,1,1,"13-14"
327,1,1,"14-15"
327,1,1,"15-16"
327,1,1,"16-17"
327,1,1,"17-18"
327,1,1,"18-19"
327,1,1,"19-20"
327,1,1,"20-21"
327,1,1,"6-7"
327,1,1,"7-8"
327,1,1,"8-9"
327,1,1,"9-10"
328,1,1,"10-11"
328,1,1,"11-12"
328,1,1,"12-13"
328,1,1,"13-14"
328,1,1,"14-15"
328,1,1,"15-16"
328,1,1,"16-17"
328,1,1,"17-18"
328,1,1,"18-19"
328,1,1,"19-20"
328,1,1,"20-21"
328,1,1,"6-7"
328,1,1,"7-8"
328,1,1,"8-9"
328,1,1,"9-10"
329,1,1,"10-11"
329,1,1,"11-12"
329,1,1,"12-13"
329,1,1,"13-14"
329,1,1,"14-15"
329,1,1,"15-16"
329,1,1,"16-17"
329,1,1,"17-18"
329,1,1,"18-19"
329,1,1,"19-20"
329,1,1,"20-21"
329,1,1,"6-7"
329,1,1,"7-8"
329,1,1,"8-9"
329,1,1,"9-10"
330,1,1,"10-11"
330,1,1,"11-12"
330,1,1,"12-13"
330,1,1,"13-14"
330,1,1,"14-15"
330,1,1,"15-16"
330,1,1,"16-17"
330,1,1,"17-18"
330,1,1,"18-19"
330,1,1,"19-20"
330,1,1,"20-21"
330,1,1,"6-7"
330,1,1,"7-8"
330,1,1,"8-9"
330,1,1,"9-10"
331,1,1,"10-11"
331,1,1,"11-12"
331,1,1,"12-13"
331,1,1,"13-14"
331,1,1,"14-15"
331,1,1,"15-16"
331,1,1,"16-17"
331,1,1,"17-18"
331,1,1,"18-19"
331,1,1,"19-20"
331,1,1,"20-21"
331,1,1,"6-7"
331,1,1,"7-8"
331,1,1,"8-9"
331,1,1,"9-10"
332,1,1,"10-11"
332,1,1,"11-12"
332,1,1,"12-13"
332,1,1,"13-14"
332,1,1,"14-15"
332,1,1,"15-16"
332,1,1,"16-17"
332,1,1,"17-18"
332,1,1,"18-19"
332,1,1,"19-20"
332,1,1,"20-21"
332,1,1,"6-7"
332,1,1,"7-8"
332,1,1,"8-9"
332,1,1,"9-10"
333,1,1,"10-11"
333,1,1,"11-12"
333,1,1,"12-13"
333,1,1,"13-14"
333,1,1,"14-15"
333,1,1,"15-16"
333,1,1,"16-17"
333,1,1,"17-18"
333,1,1,"18-19"
333,1,1,"19-20"
333,1,1,"20-21"
333,1,1,"6-7"
333,1,1,"7-8"
333,1,1,"8-9"
333,1,1,"9-10"
334,1,1,"10-11"
334,1,1,"11-12"
334,1,1,"12-13"
334,1,1,"13-14"
334,1,1,"14-15"
334,1,1,"15-16"
334,1,1,"16-17"
334,1,1,"17-18"
334,1,1,"18-19"
334,1,1,"19-20"
334,1,1,"20-21"
334,1,1,"6-7"
334,1,1,"7-8"
334,1,1,"8-9"
334,1,1,"9-10"
335,1,1,"10-11"
335,1,1,"11-12"
335,1,1,"12-13"
335,1,1,"13-14"
335,1,1,"14-15"
335,1,1,"15-16"
335,1,1,"16-17"
335,1,1,"17-18"
335,1,1,"18-19"
335,1,1,"19-20"
335,1,1,"20-21"
335,1,1,"6-7"
335,1,1,"7-8"
335,1,1,"8-9"
335,1,1,"9-10"
336,1,1,"10-11"
336,1,1,"11-12"
336,1,1,"12-13"
336,1,1,"13-14"
336,1,1,"14-15"
336,1,1,"15-16"
336,1,1,"16-17"
336,1,1,"17-18"
336,1,1,"18-19"
336,1,1,"19-20"
336,1,1,"20-21"
336,1,1,"6-7"
336,1,1,"7-8"
336,1,1,"8-9"
336,1,1,"9-10"
337,1,1,"10-11"
337,1,1,"11-12"
337,1,1,"12-13"
337,1,1,"13-14"
337,1,1,"14-15"
337,1,1,"15-16"
337,1,1,"16-17"
337,1,1,"17-18"
337,1,1,"18-19"
337,1,1,"19-20"
337,1,1,"20-21"
337,1,1,"6-7"
337,1,1,"7-8"
337,1,1,"8-9"
337,1,1,"9-10"
338,1,1,"10-11"
338,1,1,"11-12"
338,1,1,"12-13"
338,1,1,"13-14"
338,1,1,"14-15"
338,1,1,"15-16"
338,1,1,"16-17"
338,1,1,"17-18"
338,1,1,"18-19"
338,1,1,"19-20"
338,1,1,"20-21"
338,1,1,"6-7"
338,1,1,"7-8"
338,1,1,"8-9"
338,1,1,"9-10"
339,1,1,"10-11"
339,1,1,"11-12"
339,1,1,"12-13"
339,1,1,"13-14"
339,1,1,"14-15"
339,1,1,"15-16"
339,1,1,"16-17"
339,1,1,"17-18"
339,1,1,"18-19"
339,1,1,"19-20"
339,1,1,"20-21"
339,1,1,"6-7"
339,1,1,"7-8"
339,1,1,"8-9"
339,1,1,"9-10"
340,1,1,"10-11"
340,1,1,"11-12"
340,1,1,"12-13"
340,1,1,"13-14"
340,1,1,"14-15"
340,1,1,"15-16"
340,1,1,"16-17"
340,1,1,"17-18"
340,1,1,"18-19"
340,1,1,"19-20"
340,1,1,"20-21"
340,1,1,"6-7"
340,1,1,"7-8"
340,1,1,"8-9"
340,1,1,"9-10"
341,1,1,"10-11"
341,1,1,"11-12"
341,1,1,"12-13"
341,1,1,"13-14"
341,1,1,"14-15"
341,1,1,"15-16"
341,1,1,"16-17"
341,1,1,"17-18"
341,1,1,"18-19"
341,1,1,"19-20"
341,1,1,"20-21"
341,1,1,"6-7"
341,1,1,"7-8"
341,1,1,"8-9"
341,1,1,"9-10"
342,1,1,"10-11"
342,1,1,"11-12"
342,1,1,"12-13"
342,1,1,"13-14"
342,1,1,"14-15"
342,1,1,"15-16"
342,1,1,"16-17"
342,1,1,"17-18"
342,1,1,"18-19"
342,1,1,"19-20"
342,1,1,"20-21"
342,1,1,"6-7"
342,1,1,"7-8"
342,1,1,"8-9"
342,1,1,"9-10"
343,2,3,"10-11"
343,2,3,"11-12"
343,1,1,"12-13"
343,1,1,"13-14"
343,1,1,"14-15"
343,1,1,"15-16"
343,1,1,"16-17"
343,1,1,"17-18"
343,1,1,"18-19"
343,1,1,"19-20"
343,1,1,"20-21"
343,2,2,"6-7"
343,2,2,"7-8"
343,2,2,"8-9"
343,2,3,"9-10"
344,2,3,"10-11"
344,2,3,"11-12"
344,1,1,"12-13"
344,1,1,"13-14"
344,1,1,"14-15"
344,1,1,"15-16"
344,1,1,"16-17"
344,1,1,"17-18"
344,1,1,"18-19"
344,1,1,"19-20"
344,1,1,"20-21"
344,2,2,"6-7"
344,2,2,"7-8"
344,2,2,"8-9"
344,2,3,"9-10"
345,2,3,"10-11"
345,2,3,"11-12"
345,1,1,"12-13"
345,1,1,"13-14"
345,1,1,"14-15"
345,1,1,"15-16"
345,1,1,"16-17"
345,1,1,"17-18"
345,1,1,"18-19"
345,1,1,"19-20"
345,1,1,"20-21"
345,2,2,"6-7"
345,2,2,"7-8"
345,2,2,"8-9"
345,2,3,"9-10"
346,2,3,"10-11"
346,2,3,"11-12"
346,1,1,"12-13"
346,1,1,"13-14"
346,1,1,"14-15"
346,1,1,"15-16"
346,1,1,"16-17"
346,1,1,"17-18"
346,1,1,"18-19"
346,1,1,"19-20"
346,1,1,"20-21"
346,2,2,"6-7"
346,2,2,"7-8"
346,2,2,"8-9"
346,2,3,"9-10"
347,1,1,"10-11"
347,1,1,"11-12"
347,1,1,"12-13"
347,1,1,"13-14"
347,1,1,"14-15"
347,1,1,"15-16"
347,1,1,"16-17"
347,1,1,"17-18"
347,1,1,"18-19"
347,1,1,"19-20"
347,1,1,"20-21"
347,1,1,"6-7"
347,1,1,"7-8"
347,1,1,"8-9"
347,1,1,"9-10"
348,1,1,"10-11"
348,1,1,"11-12"
348,1,1,"12-13"
348,1,1,"13-14"
348,1,1,"14-15"
348,1,1,"15-16"
348,1,1,"16-17"
348,1,1,"17-18"
348,1,1,"18-19"
348,1,1,"19-20"
348,1,1,"20-21"
348,1,1,"6-7"
348,1,1,"7-8"
348,1,1,"8-9"
348,1,1,"9-10"
349,1,1,"10-11"
349,1,1,"11-12"
349,1,1,"12-13"
349,1,1,"13-14"
349,1,1,"14-15"
349,1,1,"15-16"
349,1,1,"16-17"
349,1,1,"17-18"
349,1,1,"18-19"
349,1,1,"19-20"
349,1,1,"20-21"
349,1,1,"6-7"
349,1,1,"7-8"
349,1,1,"8-9"
349,1,1,"9-10"
350,1,1,"10-11"
350,1,1,"11-12"
350,1,1,"12-13"
350,1,1,"13-14"
350,1,1,"14-15"
350,1,1,"15-16"
350,1,1,"16-17"
350,1,1,"17-18"
350,1,1,"18-19"
350,1,1,"19-20"
350,1,1,"20-21"
350,1,1,"6-7"
350,1,1,"7-8"
350,1,1,"8-9"
350,1,1,"9-10"
351,1,1,"10-11"
351,1,1,"11-12"
351,1,1,"12-13"
351,1,1,"13-14"
351,1,1,"14-15"
351,1,1,"15-16"
351,1,1,"16-17"
351,1,1,"17-18"
351,1,1,"18-19"
351,1,1,"19-20"
351,1,1,"20-21"
351,1,1,"6-7"
351,1,1,"7-8"
351,1,1,"8-9"
351,1,1,"9-10"
352,1,1,"10-11"
352,1,1,"11-12"
352,1,1,"12-13"
352,1,1,"13-14"
352,1,1,"14-15"
352,1,1,"15-16"
352,1,1,"16-17"
352,1,1,"17-18"
352,1,1,"18-19"
352,1,1,"19-20"
352,1,1,"20-21"
352,1,1,"6-7"
352,1,1,"7-8"
352,1,1,"8-9"
352,1,1,"9-10"
353,1,1,"10-11"
353,1,1,"11-12"
353,1,1,"12-13"
353,1,1,"13-14"
353,1,1,"14-15"
353,1,1,"15-16"
353,1,1,"16-17"
353,1,1,"17-18"
353,1,1,"18-19"
353,1,1,"19-20"
353,1,1,"20-21"
353,1,1,"6-7"
353,1,1,"7-8"
353,1,1,"8-9"
353,1,1,"9-10"
354,1,1,"10-11"
354,1,1,"11-12"
354,1,1,"12-13"
354,1,1,"13-14"
354,1,1,"14-15"
354,1,1,"15-16"
354,1,1,"16-17"
354,1,1,"17-18"
354,1,1,"18-19"
354,1,1,"19-20"
354,1,1,"20-21"
354,1,1,"6-7"
354,1,1,"7-8"
354,1,1,"8-9"
354,1,1,"9-10"
355,1,1,"10-11"
355,1,1,"11-12"
355,1,1,"12-13"
355,1,1,"13-14"
355,1,1,"14-15"
355,1,1,"15-16"
355,1,1,"16-17"
355,1,1,"17-18"
355,1,1,"18-19"
355,1,1,"19-20"
355,1,1,"20-21"
355,1,1,"6-7"
355,1,1,"7-8"
355,1,1,"8-9"
355,1,1,"9-10"
356,1,1,"10-11"
356,1,1,"11-12"
356,1,1,"12-13"
356,1,1,"13-14"
356,1,1,"14-15"
356,1,1,"15-16"
356,1,1,"16-17"
356,1,1,"17-18"
356,1,1,"18-19"
356,1,1,"19-20"
356,1,1,"20-21"
356,1,1,"6-7"
356,1,1,"7-8"
356,1,1,"8-9"
356,1,1,"9-10"
357,1,1,"10-11"
357,1,1,"11-12"
357,1,1,"12-13"
357,1,1,"13-14"
357,1,1,"14-15"
357,1,1,"15-16"
357,1,1,"16-17"
357,1,1,"17-18"
357,1,1,"18-19"
357,1,1,"19-20"
357,1,1,"20-21"
357,1,1,"6-7"
357,1,1,"7-8"
357,1,1,"8-9"
357,1,1,"9-10"
358,1,1,"10-11"
358,1,1,"11-12"
358,1,1,"12-13"
358,1,1,"13-14"
358,1,1,"14-15"
358,1,1,"15-16"
358,1,1,"16-17"
358,1,1,"17-18"
358,1,1,"18-19"
358,1,1,"19-20"
358,1,1,"20-21"
358,1,1,"6-7"
358,1,1,"7-8"
358,1,1,"8-9"
358,1,1,"9-10"
359,1,1,"10-11"
359,1,1,"11-12"
359,1,1,"12-13"
359,1,1,"13-14"
359,1,1,"14-15"
359,1,1,"15-16"
359,1,1,"16-17"
359,1,1,"17-18"
359,1,1,"18-19"
359,1,1,"19-20"
359,1,1,"20-21"
359,1,1,"6-7"
359,1,1,"7-8"
359,1,1,"8-9"
359,1,1,"9-10"
360,1,1,"10-11"
360,1,1,"11-12"
360,1,1,"12-13"
360,1,1,"13-14"
360,1,1,"14-15"
360,1,1,"15-16"
360,1,1,"16-17"
360,1,1,"17-18"
360,1,1,"18-19"
360,1,1,"19-20"
360,1,1,"20-21"
360,1,1,"6-7"
360,1,1,"7-8"
360,1,1,"8-9"
360,1,1,"9-10"
361,1,1,"10-11"
361,1,1,"11-12"
361,1,1,"12-13"
361,1,1,"13-14"
361,1,1,"14-15"
361,1,1,"15-16"
361,1,1,"16-17"
361,1,1,"17-18"
361,1,1,"18-19"
361,1,1,"19-20"
361,1,1,"20-21"
361,1,1,"6-7"
361,1,1,"7-8"
361,1,1,"8-9"
361,1,1,"9-10"
362,2,3,"10-11"
362,2,3,"11-12"
362,1,1,"12-13"
362,1,1,"13-14"
362,1,1,"14-15"
362,1,1,"15-16"
362,1,1,"16-17"
362,1,1,"17-18"
362,1,1,"18-19"
362,1,1,"19-20"
362,1,1,"20-21"
362,1,1,"6-7"
362,1,1,"7-8"
362,1,1,"8-9"
362,2,3,"9-10"
363,2,3,"10-11"
363,2,3,"11-12"
363,1,1,"12-13"
363,1,1,"13-14"
363,1,1,"14-15"
363,1,1,"15-16"
363,1,1,"16-17"
363,1,1,"17-18"
363,1,1,"18-19"
363,1,1,"19-20"
363,1,1,"20-21"
363,1,1,"6-7"
363,1,1,"7-8"
363,1,1,"8-9"
363,2,3,"9-10"
364,3,3,"10-11"
364,3,3,"11-12"
364,1,1,"12-13"
364,1,1,"13-14"
364,1,1,"14-15"
364,1,1,"15-16"
364,1,1,"16-17"
364,1,1,"17-18"
364,1,1,"18-19"
364,1,1,"19-20"
364,1,1,"20-21"
364,1,1,"6-7"
364,1,1,"7-8"
364,1,1,"8-9"
364,3,3,"9-10"
365,3,3,"10-11"
365,3,3,"11-12"
365,1,1,"12-13"
365,1,1,"13-14"
365,1,1,"14-15"
365,1,1,"15-16"
365,1,1,"16-17"
365,1,1,"17-18"
365,1,1,"18-19"
365,1,1,"19-20"
365,1,1,"20-21"
365,1,1,"6-7"
365,1,1,"7-8"
365,1,1,"8-9"
365,3,3,"9-10"
366,2,3,"10-11"
366,2,3,"11-12"
366,1,1,"12-13"
366,1,1,"13-14"
366,1,1,"14-15"
366,1,1,"15-16"
366,1,1,"16-17"
366,1,1,"17-18"
366,1,1,"18-19"
366,1,1,"19-20"
366,1,1,"20-21"
366,1,1,"6-7"
366,1,1,"7-8"
366,1,1,"8-9"
366,2,3,"9-10"
367,1,1,"10-11"
367,1,1,"11-12"
367,1,1,"12-13"
367,1,1,"13-14"
367,1,1,"14-15"
367,1,1,"15-16"
367,1,1,"16-17"
367,1,1,"17-18"
367,1,1,"18-19"
367,1,1,"19-20"
367,1,1,"20-21"
367,1,1,"6-7"
367,1,1,"7-8"
367,1,1,"8-9"
367,1,1,"9-10"
368,1,1,"10-11"
368,1,1,"11-12"
368,1,1,"12-13"
368,1,1,"13-14"
368,1,1,"14-15"
368,1,1,"15-16"
368,1,1,"16-17"
368,1,1,"17-18"
368,1,1,"18-19"
368,1,1,"19-20"
368,1,1,"20-21"
368,1,1,"6-7"
368,1,1,"7-8"
368,1,1,"8-9"
368,1,1,"9-10"
369,1,1,"10-11"
369,1,1,"11-12"
369,1,1,"12-13"
369,1,1,"13-14"
369,1,1,"14-15"
369,1,1,"15-16"
369,1,1,"16-17"
369,1,1,"17-18"
369,1,1,"18-19"
369,1,1,"19-20"
369,1,1,"20-21"
369,1,1,"6-7"
369,1,1,"7-8"
369,1,1,"8-9"
369,1,1,"9-10"
370,1,1,"10-11"
370,1,1,"11-12"
370,1,1,"12-13"
370,1,1,"13-14"
370,1,1,"14-15"
370,1,1,"15-16"
370,1,1,"16-17"
370,1,1,"17-18"
370,1,1,"18-19"
370,1,1,"19-20"
370,1,1,"20-21"
370,1,1,"6-7"
370,1,1,"7-8"
370,1,1,"8-9"
370,1,1,"9-10"
371,1,1,"10-11"
371,1,1,"11-12"
371,1,1,"12-13"
371,1,1,"13-14"
371,1,1,"14-15"
371,1,1,"15-16"
371,1,1,"16-17"
371,1,1,"17-18"
371,1,1,"18-19"
371,1,1,"19-20"
371,1,1,"20-21"
371,1,1,"6-7"
371,1,1,"7-8"
371,1,1,"8-9"
371,1,1,"9-10"
372,1,1,"10-11"
372,1,1,"11-12"
372,1,1,"12-13"
372,1,1,"13-14"
372,1,1,"14-15"
372,1,1,"15-16"
372,1,1,"16-17"
372,1,1,"17-18"
372,1,1,"18-19"
372,1,1,"19-20"
372,1,1,"20-21"
372,1,1,"6-7"
372,1,1,"7-8"
372,1,1,"8-9"
372,1,1,"9-10"
373,1,1,"10-11"
373,1,1,"11-12"
373,1,1,"12-13"
373,1,1,"13-14"
373,1,1,"14-15"
373,1,1,"15-16"
373,1,1,"16-17"
373,1,1,"17-18"
373,1,1,"18-19"
373,1,1,"19-20"
373,1,1,"20-21"
373,1,1,"6-7"
373,1,1,"7-8"
373,1,1,"8-9"
373,1,1,"9-10"
374,1,1,"10-11"
374,1,1,"11-12"
374,1,1,"12-13"
374,1,1,"13-14"
374,1,1,"14-15"
374,1,1,"15-16"
374,1,1,"16-17"
374,1,1,"17-18"
374,1,1,"18-19"
374,1,1,"19-20"
374,1,1,"20-21"
374,1,1,"6-7"
374,1,1,"7-8"
374,1,1,"8-9"
374,1,1,"9-10"
375,1,1,"10-11"
375,1,1,"11-12"
375,1,1,"12-13"
375,1,1,"13-14"
375,1,1,"14-15"
375,1,1,"15-16"
375,1,1,"16-17"
375,1,1,"17-18"
375,1,1,"18-19"
375,1,1,"19-20"
375,1,1,"20-21"
375,1,1,"6-7"
375,1,1,"7-8"
375,1,1,"8-9"
375,1,1,"9-10"
376,1,1,"10-11"
376,1,1,"11-12"
376,1,1,"12-13"
376,1,1,"13-14"
376,1,1,"14-15"
376,1,1,"15-16"
376,1,1,"16-17"
376,1,1,"17-18"
376,1,1,"18-19"
376,1,1,"19-20"
376,1,1,"20-21"
376,1,1,"6-7"
376,1,1,"7-8"
376,1,1,"8-9"
376,1,1,"9-10"
377,1,1,"10-11"
377,1,1,"11-12"
377,1,1,"12-13"
377,1,1,"13-14"
377,1,1,"14-15"
377,1,1,"15-16"
377,1,1,"16-17"
377,1,1,"17-18"
377,1,1,"18-19"
377,1,1,"19-20"
377,1,1,"20-21"
377,1,1,"6-7"
377,1,1,"7-8"
377,1,1,"8-9"
377,1,1,"9-10"
378,1,1,"10-11"
378,1,1,"11-12"
378,1,1,"12-13"
378,1,1,"13-14"
378,1,1,"14-15"
378,1,1,"15-16"
378,1,1,"16-17"
378,1,1,"17-18"
378,1,1,"18-19"
378,1,1,"19-20"
378,1,1,"20-21"
378,1,1,"6-7"
378,1,1,"7-8"
378,1,1,"8-9"
378,1,1,"9-10"
379,1,1,"10-11"
379,1,1,"11-12"
379,1,1,"12-13"
379,1,1,"13-14"
379,1,1,"14-15"
379,1,1,"15-16"
379,1,1,"16-17"
379,1,1,"17-18"
379,1,1,"18-19"
379,1,1,"19-20"
379,1,1,"20-21"
379,1,1,"6-7"
379,1,1,"7-8"
379,1,1,"8-9"
379,1,1,"9-10"
380,1,1,"10-11"
380,1,1,"11-12"
380,1,1,"12-13"
380,1,1,"13-14"
380,1,1,"14-15"
380,1,1,"15-16"
380,1,1,"16-17"
380,1,1,"17-18"
380,1,1,"18-19"
380,1,1,"19-20"
380,1,1,"20-21"
380,1,1,"6-7"
380,1,1,"7-8"
380,1,1,"8-9"
380,1,1,"9-10"
381,1,1,"10-11"
381,1,1,"11-12"
381,1,1,"12-13"
381,1,1,"13-14"
381,1,1,"14-15"
381,1,1,"15-16"
381,1,1,"16-17"
381,1,1,"17-18"
381,1,1,"18-19"
381,1,1,"19-20"
381,1,1,"20-21"
381,1,1,"6-7"
381,1,1,"7-8"
381,1,1,"8-9"
381,1,1,"9-10"
382,2,3,"10-11"
382,2,3,"11-12"
382,1,1,"12-13"
382,1,1,"13-14"
382,1,1,"14-15"
382,1,1,"15-16"
382,1,1,"16-17"
382,1,1,"17-18"
382,1,1,"18-19"
382,1,1,"19-20"
382,1,1,"20-21"
382,1,1,"6-7"
382,1,1,"7-8"
382,1,1,"8-9"
382,2,3,"9-10"
383,2,3,"10-11"
383,2,3,"11-12"
383,1,1,"12-13"
383,1,1,"13-14"
383,1,1,"14-15"
383,1,1,"15-16"
383,1,1,"16-17"
383,1,1,"17-18"
383,1,1,"18-19"
383,1,1,"19-20"
383,1,1,"20-21"
383,1,1,"6-7"
383,1,1,"7-8"
383,1,1,"8-9"
383,2,3,"9-10"
384,3,3,"10-11"
384,3,3,"11-12"
384,1,1,"12-13"
384,1,1,"13-14"
384,1,1,"14-15"
384,1,1,"15-16"
384,1,1,"16-17"
384,1,1,"17-18"
384,1,1,"18-19"
384,1,1,"19-20"
384,1,1,"20-21"
384,1,1,"6-7"
384,1,1,"7-8"
384,1,1,"8-9"
384,3,3,"9-10"
385,3,3,"10-11"
385,3,3,"11-12"
385,1,1,"12-13"
385,1,1,"13-14"
385,1,1,"14-15"
385,1,1,"15-16"
385,1,1,"16-17"
385,1,1,"17-18"
385,1,1,"18-19"
385,1,1,"19-20"
385,1,1,"20-21"
385,1,1,"6-7"
385,1,1,"7-8"
385,1,1,"8-9"
385,3,3,"9-10"
386,2,3,"10-11"
386,2,3,"11-12"
386,1,1,"12-13"
386,1,1,"13-14"
386,1,1,"14-15"
386,1,1,"15-16"
386,1,1,"16-17"
386,1,1,"17-18"
386,1,1,"18-19"
386,1,1,"19-20"
386,1,1,"20-21"
386,1,1,"6-7"
386,1,1,"7-8"
386,1,1,"8-9"
386,2,3,"9-10"
387,1,1,"10-11"
387,1,1,"11-12"
387,1,1,"12-13"
387,1,1,"13-14"
387,1,1,"14-15"
387,1,1,"15-16"
387,1,1,"16-17"
387,1,1,"17-18"
387,1,1,"18-19"
387,1,1,"19-20"
387,1,1,"20-21"
387,1,1,"6-7"
387,1,1,"7-8"
387,1,1,"8-9"
387,1,1,"9-10"
388,1,1,"10-11"
388,1,1,"11-12"
388,1,1,"12-13"
388,1,1,"13-14"
388,1,1,"14-15"
388,1,1,"15-16"
388,1,1,"16-17"
388,1,1,"17-18"
388,1,1,"18-19"
388,1,1,"19-20"
388,1,1,"20-21"
388,1,1,"6-7"
388,1,1,"7-8"
388,1,1,"8-9"
388,1,1,"9-10"
389,1,1,"10-11"
389,1,1,"11-12"
389,1,1,"12-13"
389,1,1,"13-14"
389,1,1,"14-15"
389,1,1,"15-16"
389,1,1,"16-17"
389,1,1,"17-18"
389,1,1,"18-19"
389,1,1,"19-20"
389,1,1,"20-21"
389,1,1,"6-7"
389,1,1,"7-8"
389,1,1,"8-9"
389,1,1,"9-10"
390,1,1,"10-11"
390,1,1,"11-12"
390,1,1,"12-13"
390,1,1,"13-14"
390,1,1,"14-15"
390,1,1,"15-16"
390,1,1,"16-17"
390,1,1,"17-18"
390,1,1,"18-19"
390,1,1,"19-20"
390,1,1,"20-21"
390,1,1,"6-7"
390,1,1,"7-8"
390,1,1,"8-9"
390,1,1,"9-10"
391,1,1,"10-11"
391,1,1,"11-12"
391,1,1,"12-13"
391,1,1,"13-14"
391,1,1,"14-15"
391,1,1,"15-16"
391,1,1,"16-17"
391,1,1,"17-18"
391,1,1,"18-19"
391,1,1,"19-20"
391,1,1,"20-21"
391,1,1,"6-7"
391,1,1,"7-8"
391,1,1,"8-9"
391,1,1,"9-10"
392,1,1,"10-11"
392,1,1,"11-12"
392,1,1,"12-13"
392,1,1,"13-14"
392,1,1,"14-15"
392,1,1,"15-16"
392,1,1,"16-17"
392,1,1,"17-18"
392,1,1,"18-19"
392,1,1,"19-20"
392,1,1,"20-21"
392,1,1,"6-7"
392,1,1,"7-8"
392,1,1,"8-9"
392,1,1,"9-10"
393,1,1,"10-11"
393,1,1,"11-12"
393,1,1,"12-13"
393,1,1,"13-14"
393,1,1,"14-15"
393,1,1,"15-16"
393,1,1,"16-17"
393,1,1,"17-18"
393,1,1,"18-19"
393,1,1,"19-20"
393,1,1,"20-21"
393,1,1,"6-7"
393,1,1,"7-8"
393,1,1,"8-9"
393,1,1,"9-10"
394,1,1,"10-11"
394,1,1,"11-12"
394,1,1,"12-13"
394,1,1,"13-14"
394,1,1,"14-15"
394,1,1,"15-16"
394,1,1,"16-17"
394,1,1,"17-18"
394,1,1,"18-19"
394,1,1,"19-20"
394,1,1,"20-21"
394,1,1,"6-7"
394,1,1,"7-8"
394,1,1,"8-9"
394,1,1,"9-10"
395,1,1,"10-11"
395,1,1,"11-12"
395,1,1,"12-13"
395,1,1,"13-14"
395,1,1,"14-15"
395,1,1,"15-16"
395,1,1,"16-17"
395,1,1,"17-18"
395,1,1,"18-19"
395,1,1,"19-20"
395,1,1,"20-21"
395,1,1,"6-7"
395,1,1,"7-8"
395,1,1,"8-9"
395,1,1,"9-10"
396,1,1,"10-11"
396,1,1,"11-12"
396,1,1,"12-13"
396,1,1,"13-14"
396,1,1,"14-15"
396,1,1,"15-16"
396,1,1,"16-17"
396,1,1,"17-18"
396,1,1,"18-19"
396,1,1,"19-20"
396,1,1,"20-21"
396,1,1,"6-7"
396,1,1,"7-8"
396,1,1,"8-9"
396,1,1,"9-10"
397,1,1,"10-11"
397,1,1,"11-12"
397,1,1,"12-13"
397,1,1,"13-14"
397,1,1,"14-15"
397,1,1,"15-16"
397,1,1,"16-17"
397,1,1,"17-18"
397,1,1,"18-19"
397,1,1,"19-20"
397,1,1,"20-21"
397,1,1,"6-7"
397,1,1,"7-8"
397,1,1,"8-9"
397,1,1,"9-10"
398,1,1,"10-11"
398,1,1,"11-12"
398,1,1,"12-13"
398,1,1,"13-14"
398,1,1,"14-15"
398,1,1,"15-16"
398,1,1,"16-17"
398,1,1,"17-18"
398,1,1,"18-19"
398,1,1,"19-20"
398,1,1,"20-21"
398,1,1,"6-7"
398,1,1,"7-8"
398,1,1,"8-9"
398,1,1,"9-10"
399,1,1,"10-11"
399,1,1,"11-12"
399,1,1,"12-13"
399,1,1,"13-14"
399,1,1,"14-15"
399,1,1,"15-16"
399,1,1,"16-17"
399,1,1,"17-18"
399,1,1,"18-19"
399,1,1,"19-20"
399,1,1,"20-21"
399,1,1,"6-7"
399,1,1,"7-8"
399,1,1,"8-9"
399,1,1,"9-10"
